"","V1"
"1",197.239919858645
"2",213.327779707342
"3",179.129531148142
"4",0
"5",644.716170937415
"6",215.460310689235
"7",346.061380966254
"8",1207.43737348771
"9",202.185296648412
"10",12.0574584756383
"11",701.9066704148
"12",1658.25265201872
"13",1455.87831366697
"14",826.512487357659
"15",623.887821629794
"16",39.6329909194832
"17",46.0716546072896
"18",237.16620107857
"19",2944.08607821498
"20",1394.99614469382
"21",226.533657914365
"22",0
"23",0
"24",0
"25",169.911839855417
"26",2531.87316812921
"27",1484.70611780109
"28",137.251783868707
"29",314.490316597626
"30",0
"31",0
"32",2.57529220820843
"33",61.1326833061433
"34",113.677327997131
"35",1678.42202360315
"36",486.636366129175
"37",0
"38",0
"39",0
"40",0
"41",0
"42",7.98765000019641
"43",263.423089900075
"44",0
"45",0
"46",0
"47",0
"48",0
"49",0
"50",0
"51",4.47107335531661
"52",234.61391648361
"53",0
"54",0
"55",0
"56",0
"57",0
"58",127.986954591743
"59",0
"60",0
"61",0
"62",1021.55215778729
"63",2651.95481592015
"64",5153.76197500921
"65",0
"66",0
"67",0
"68",2600.08251794385
"69",7470.72187205095
"70",20270.2297429027
"71",7746.55901018755
"72",0
"73",0
"74",357.490081770958
"75",5860.63233280953
"76",6304.59526513575
"77",125.885655030424
"78",424.51455580219
"79",0
"80",531.871430090302
"81",320.727621978408
"82",9598.58693473783
"83",14588.9940195124
"84",1513.26450210829
"85",3.69890382205799
"86",0
"87",100.214372717366
"88",2295.77418400527
"89",7542.63558183213
"90",6037.70009749647
"91",1159.7805543116
"92",64.8570893109234
"93",359.444067670048
"94",3151.73968321641
"95",14528.4764742414
"96",8468.57854923492
"97",2082.99269257925
"98",526.277670544303
"99",5.52615193152628
"100",0
"101",6482.06432644879
"102",4232.08759675305
"103",13273.4764387961
"104",24616.2981120481
"105",1777.99023362146
"106",112.399663399757
"107",1.90468067126116
"108",3451.15062124381
"109",3541.94044916353
"110",4213.26247075664
"111",15175.8028955883
"112",16101.4024569788
"113",16308.9463452791
"114",26934.4652668732
"115",313.694107311085
"116",16123.9443289527
"117",16684.9365037607
"118",7198.81814294987
"119",6116.3151415457
"120",5351.11997239424
"121",0
"122",64.3492067329643
"123",2361.13394006799
"124",4800.16469925288
"125",16288.6298142483
"126",8013.35838957557
"127",10952.3116487187
"128",18730.8064905149
"129",10586.267948769
"130",3714.10688469084
"131",10302.6157647361
"132",17149.4438488097
"133",3706.09411280712
"134",11541.3582516484
"135",22516.3140767735
"136",12557.2307771606
"137",0
"138",0
"139",559.794669692456
"140",9914.24501242466
"141",29395.719103973
"142",7295.85074827944
"143",26850.4207969699
"144",766.685877077287
"145",9887.39713774914
"146",4624.79167203069
"147",247.054051240839
"148",5615.03012701957
"149",271.240294606638
"150",2987.64075896689
"151",379.911740115949
"152",322.376967801355
"153",6608.64526131022
"154",356.624098178151
"155",223.850047119628
"156",4523.08916013099
"157",990.271130708597
"158",2151.73522982434
"159",3061.08406043708
"160",2278.4734186113
"161",2583.64448538931
"162",2727.63208823128
"163",1035.43745868764
"164",666.461020400432
"165",3585.12264625718
"166",0
"167",1480.61418521968
"168",13520.9737586675
"169",25288.5000388381
"170",746.02785585117
"171",1636.09362644225
"172",2084.76281278381
"173",11341.4327210338
"174",2356.26916492119
"175",2365.79457041139
"176",2591.10610471471
"177",2136.39467822317
"178",33356.3494446118
"179",10669.8329054578
"180",0.183623839425306
"181",997.442796064918
"182",9772.63823599019
"183",9021.44391615358
"184",1076.11324257915
"185",1297.81261729011
"186",1725.33329764964
"187",2035.67826376548
"188",31619.9411370337
"189",749.543664661817
"190",554.897373865543
"191",1910.89919300825
"192",2432.89039126728
"193",2812.32822204275
"194",2737.67293914217
"195",17166.9914872399
"196",5337.40850430415
"197",4217.14136880866
"198",838.141162001665
"199",1075.41708434987
"200",8082.51681895911
"201",2231.2381495593
"202",2674.48539546709
"203",859.44419656599
"204",1070.09307917293
"205",10256.1220042261
"206",1260.73673145264
"207",21827.1545673916
"208",1951.67774534217
"209",576.286929927837
"210",1899.35677579627
"211",824.079438617981
"212",700.780191518203
"213",2489.10622369543
"214",1132.48246952363
"215",1125.08968309551
"216",7391.72655396978
"217",1287.65405851621
"218",665.174749899447
"219",910.187651548031
"220",914.814939342243
"221",2345.89608923623
"222",1119.2220730041
"223",1249.56319600832
"224",23779.1876288108
"225",1932.68522850549
"226",1965.65411345238
"227",825.079729311774
"228",24407.30853752
"229",1704.79996403488
"230",2898.72925909245
"231",7304.10191517164
"232",6672.18109088211
"233",7301.00696460614
"234",1674.9200612461
"235",1130.32643599007
"236",676.321454465653
"237",1084.26842046938
"238",2103.33248951552
"239",535.038857647897
"240",558.186324187791
"241",10148.5903210419
"242",980.939730534253
"243",1579.22121809812
"244",706.037803173304
"245",1311.53747083078
"246",3724.51684482257
"247",713.036004320243
"248",3694.27872895784
"249",1878.87513796309
"250",15019.3236298162
"251",13875.2681715473
"252",11934.1003849597
"253",3409.46470736406
"254",461.411358408739
"255",2028.95739428062
"256",2548.37300815591
"257",917.396258628109
"258",615.836436194169
"259",1348.64875112092
"260",1165.96968060908
"261",0
"262",15352.9128770019
"263",22981.0056411082
"264",366.833948257298
"265",692.197667415604
"266",1852.13685625024
"267",5346.62650244589
"268",1957.36585380048
"269",1363.75852260713
"270",876.721657424676
"271",351.297641130796
"272",6586.33245625944
"273",0
"274",10502.1776448117
"275",25416.8008692141
"276",432.656656510834
"277",2121.44666716513
"278",243.962113662648
"279",2059.99840504861
"280",488.392251754726
"281",13918.5129984789
"282",19474.7294642268
"283",9717.10006135623
"284",0
"285",4961.15933400384
"286",13483.4678260203
"287",16722.6868320662
"288",3819.89768967086
"289",4129.31495440552
"290",2136.47415353949
"291",1417.35029192293
"292",521.564555128709
"293",2384.4931461171
"294",10628.4224440348
"295",17938.1075963698
"296",12800.6032677254
"297",56.9737743150596
"298",1045.25360345751
"299",15515.6375810709
"300",11348.2562752114
"301",3272.92919450173
"302",15626.9086047551
"303",14514.3966396952
"304",3141.36650547891
"305",9225.73004222918
"306",7426.52554095315
"307",17278.6410921907
"308",1944.22463236571
"309",413.353281575799
"310",1677.46987278456
"311",7248.17172172009
"312",1607.5664139743
"313",2693.71693140344
"314",304.774312053872
"315",12777.4316918429
"316",11410.0641051128
"317",6048.40526465336
"318",11371.2159215671
"319",17983.6973568688
"320",1261.8022211418
"321",30.4153770397839
"322",15675.9340055764
"323",7803.70545274382
"324",1366.27639915151
"325",19601.1600073972
"326",6192.81635288341
"327",517.933557084138
"328",3786.19300814157
"329",11433.8319595538
"330",22043.9623773075
"331",13570.3314445584
"332",21064.5021081265
"333",55697.0632628545
"334",5465.67437762645
"335",2554.7701494525
"336",13865.1244935174
"337",2460.9710006
"338",28992.6436840149
"339",19618.7009267319
"340",7363.25764293737
"341",29662.9607251748
"342",3388.09233478891
"343",12214.4818516633
"344",6922.72584956367
"345",15662.5264050558
"346",5459.55704880947
"347",4990.24194098992
"348",7867.73057168972
"349",13681.8580909888
"350",15626.3120065737
"351",16938.6284507088
"352",25687.0386639664
"353",1628.75302954128
"354",12228.8468345723
"355",11105.0098382332
"356",13095.088005278
"357",12391.2502173653
"358",7519.64893983338
"359",7184.23250338504
"360",7051.7899659088
"361",4119.04220412646
"362",4566.61528538744
"363",2963.51314652515
"364",7022.01693590503
"365",9424.48268650176
"366",8884.62756540018
"367",6324.62371703897
"368",615.753341536554
"369",4206.99766710297
"370",6686.29107909435
"371",3690.05216731813
"372",1882.32522588803
"373",910.791187230991
"374",992.992217398993
"375",6576.95702134577
"376",3991.03733498661
"377",4136.80311624117
"378",6277.64658796298
"379",3801.0938081264
"380",4527.04930536535
"381",5082.82657593567
"382",5039.70146579731
"383",1281.58423019437
"384",3305.41958971569
"385",2709.19557155865
"386",396.064161454103
"387",1208.60423753196
"388",4296.3289592332
"389",5875.70299877577
"390",1619.42650181462
"391",240.259251679202
"392",5997.77045292546
"393",4340.04135389914
"394",7967.31956266517
"395",1643.56511588681
"396",1083.44362271095
"397",0
"398",1199.52435799886
"399",222.435979681718
"400",211.629413864843
"401",852.098790460811
"402",7754.9068133368
"403",7178.53491751091
"404",8765.71642318168
"405",9680.24999974338
"406",2779.28732032366
"407",9457.72364608218
"408",9417.6639690582
"409",6006.49602146609
"410",8794.19423022437
"411",6065.97857820348
"412",14285.1862627673
"413",21223.1337210334
"414",7650.60837329859
"415",4681.2987914485
"416",4976.98279682207
"417",5664.36724062472
"418",3762.34576013693
"419",7451.13468933504
"420",4511.08795117076
"421",7755.45005145561
"422",3316.97530944134
"423",6901.6188125208
"424",14721.190570379
"425",17178.3225489834
"426",13032.0559821447
"427",21342.1683908058
"428",13333.2625233697
"429",8723.49751075813
"430",5286.95966290445
"431",4398.54274794495
"432",2155.14050489441
"433",1796.20928967514
"434",13136.8854285733
"435",14057.8125037802
"436",9660.05455480954
"437",1929.33245056397
"438",498.204735213586
"439",4.53440100718284
"440",1134.24322458722
"441",8742.62844273052
"442",9343.78978958993
"443",20304.7595422971
"444",6846.1032732651
"445",3077.99990316373
"446",1538.10265585032
"447",6620.80845329803
"448",1949.50317260791
"449",3037.48320267391
"450",1276.50247873319
"451",3135.28173461829
"452",13714.6107215167
"453",13588.7317320032
"454",6142.16606684908
"455",3349.62447961839
"456",9172.50176794094
"457",0
"458",0
"459",1196.4228606017
"460",3288.79559305976
"461",2410.49899669322
"462",915.758202664859
"463",635.023879927704
"464",14371.5516909932
"465",6917.12551062852
"466",7986.77011622072
"467",12413.8948112843
"468",10868.5405144388
"469",4707.23514204382
"470",4375.91258772804
"471",7913.06470932177
"472",21624.9239949755
"473",8259.72973549394
"474",15426.9517320284
"475",9196.8085944114
"476",10166.9299664149
"477",5066.03443724607
"478",2073.31275715368
"479",3179.32643187109
"480",227.775334058792
"481",4001.14750253535
"482",2086.27407895506
"483",10482.6175586312
"484",19849.7453832942
"485",6869.69535028325
"486",6179.55704926223
"487",0
"488",0
"489",6058.81949160711
"490",1932.14031740038
"491",1063.55228816725
"492",3064.37776516349
"493",1419.32079444721
"494",14643.8156797747
"495",11102.5473300395
"496",598.144268297071
"497",1444.94943478651
"498",0
"499",2588.96324994434
"500",2906.40944621294
"501",11324.0165136859
"502",0
"503",0
"504",0
"505",0
"506",2685.37959617579
"507",0
"508",1397.20515614085
"509",9897.95433655045
"510",1708.9904695216
"511",12066.6102765456
"512",13617.3129800455
"513",9798.22932250139
"514",20464.7725307234
"515",14576.4752143507
"516",8335.28881540003
"517",3141.7764540806
"518",115.274462107065
"519",1919.2313056545
"520",2304.72912872662
"521",12724.182066585
"522",11683.0937972626
"523",18430.3077173706
"524",8711.28581056565
"525",11133.5889365751
"526",7251.13225922886
"527",512.114865755793
"528",0
"529",14.2572576438333
"530",1498.43472316005
"531",4.5952186849162
"532",4.16280614601903
"533",18783.5231360926
"534",0
"535",0
"536",0
"537",0
"538",534.283594065132
"539",0
"540",0
"541",0
"542",0
"543",0
"544",5745.31823093707
"545",4719.0108470428
"546",12859.4450998379
"547",16553.097529266
"548",10765.8079333872
"549",9122.41006533369
"550",4522.49791777757
"551",0
"552",0
"553",1520.57938356577
"554",1163.75150423146
"555",0
"556",0
"557",0
"558",0
"559",0
"560",0
"561",0
"562",0
"563",6982.63724527948
"564",8290.34829334354
"565",9717.79266719305
"566",20654.4377927411
"567",10562.2557119198
"568",1547.89481742692
"569",5036.06009986519
"570",0
"571",93.4578067588438
"572",0.0932559802216219
"573",1890.55174509343
"574",5260.25633143531
"575",4263.42414730382
"576",7341.00818311214
"577",0
"578",2799.06625257009
"579",0
"580",0
"581",5566.97524084502
"582",9527.90859371353
"583",12668.3444072878
"584",9185.41156040819
"585",12759.1346380923
"586",7951.55886936636
"587",660.386202868504
"588",2875.56555705163
"589",0
"590",0
"591",6709.20308727643
"592",11556.9310034597
"593",11323.5277535245
"594",10380.1285231452
"595",15761.535364933
"596",13456.1920255518
"597",5768.64799032041
"598",2957.33473455347
"599",12325.6485962682
"600",2507.56216453214
"601",8129.16630193094
"602",2916.95422049006
"603",304.172013394073
"604",656.162877009711
"605",357.551599859059
"606",2223.93640909194
"607",4279.24145684272
"608",673.463446221392
"609",901.559278879825
"610",4928.87609804465
"611",10284.3840098427
"612",4465.53427958806
"613",4828.68058016857
"614",6785.60857803834
"615",9084.56820561105
"616",2934.86946179319
"617",2460.45301521693
"618",281.308587597659
"619",2302.49712694378
"620",4003.88700325426
"621",814.568666861886
"622",907.001313850769
"623",356.315872567186
"624",199.276643367095
"625",991.395482587377
"626",2254.71156643578
"627",5777.67329538389
"628",12402.2194597617
"629",10330.1629444206
"630",29820.4454412299
"631",15970.4839959405
"632",8252.38904540438
"633",3833.15053669122
"634",4716.30938460648
"635",3860.88212990746
"636",442.818276051727
"637",4117.41669856802
"638",19866.8087602941
"639",4800.27461678303
"640",18111.0350339159
"641",10042.6653161297
"642",12071.2718525185
"643",3387.43675767012
"644",2794.6036819673
"645",2521.37391125885
"646",508.860099549113
"647",530.897277262252
"648",6923.45705213717
"649",20516.6621520803
"650",13475.8781603088
"651",1494.12892992388
"652",13839.5741953084
"653",12713.1656783896
"654",11370.2129523249
"655",1881.13531586903
"656",11290.0519454093
"657",5018.67179671388
"658",11575.7519854361
"659",4692.59021061166
"660",2568.11901246651
"661",1813.63330304678
"662",1375.66866620557
"663",5004.33146782356
"664",14172.1631212017
"665",3256.75220821532
"666",3364.84185160186
"667",9183.15788817417
"668",3382.98472108968
"669",6807.97120702416
"670",4121.26872497072
"671",2696.83247433784
"672",1703.80341034348
"673",1801.55151388291
"674",13006.129555907
"675",4947.14856155019
"676",10576.7692725916
"677",12270.2883896619
"678",5903.26738808579
"679",1448.97310056678
"680",11247.3457517967
"681",6926.47495595319
"682",2140.58791842856
"683",4474.95296940729
"684",3750.84668920469
"685",8106.7442031354
"686",3422.72865619034
"687",1271.82803179567
"688",8911.54309763252
"689",5807.14992175944
"690",6347.92197427483
"691",2190.57460807868
"692",9442.90799444148
"693",7846.37064309196
"694",1202.9507497555
"695",5433.78426455894
"696",3739.89162636476
"697",1850.76623334703
"698",10640.6929705202
"699",3585.08090587152
"700",5962.12392136511
"701",4952.58413368762
"702",187.836407814633
"703",14629.4855015436
"704",12234.4812006706
"705",3016.50163269379
"706",2582.3989060349
"707",675.286730489782
"708",266.312581078188
"709",2392.81651056473
"710",2764.97008531921
"711",10708.6028912728
"712",5531.26960572577
"713",0
"714",8174.35369155144
"715",0
"716",11030.4652516299
"717",3334.42343677323
"718",2370.88422556906
"719",4091.1065131425
"720",1159.62483749977
"721",41.4342109562279
"722",0
"723",4008.44617746427
"724",5163.82611355588
"725",0
"726",0
"727",0
"728",5607.978896752
"729",3490.33589254282
"730",19843.463937196
"731",4634.59065529942
"732",6381.69024374958
"733",2261.68675963963
"734",2765.88937865213
"735",169.145453957964
"736",48.6553394964842
"737",0
"738",3926.79924325274
"739",3062.61569676232
"740",283.826596770284
"741",106.206258854051
"742",4950.65206672635
"743",1354.80315821896
"744",5710.15772177753
"745",89.9566939941092
"746",928.326665661014
"747",606.147486534959
"748",1315.44111566701
"749",16389.9146987886
"750",0
"751",0
"752",0
"753",2745.25030266106
"754",3922.45064021353
"755",1921.45308282603
"756",1159.84950779666
"757",819.362602383042
"758",1503.04648612298
"759",1712.952338653
"760",420.660167848143
"761",0
"762",7666.72130873191
"763",2607.19565894336
"764",261.789640550828
"765",613.080732190869
"766",150.624127829197
"767",189.069294951428
"768",75.6386769439776
"769",299.777167144584
"770",121.840257640626
"771",231.586137392768
"772",565.604887651042
"773",8454.18395463302
"774",10717.820728465
"775",3678.12529444781
"776",0
"777",4098.63230630598
"778",12149.2483536032
"779",6734.1943641285
"780",2370.71819899024
"781",3732.34816709315
"782",591.203549432639
"783",582.697971410913
"784",386.313804868048
"785",547.964397521096
"786",405.959181495516
"787",403.441657785869
"788",502.911515874974
"789",500.755675984405
"790",592.492425732651
"791",8632.67482323545
"792",9025.03316676684
"793",2570.62729566187
"794",0
"795",0
"796",5402.10375351049
"797",9462.43012742747
"798",6174.10576550467
"799",8084.4479422971
"800",3736.53334987322
"801",3293.55568706125
"802",3688.60703939033
"803",6106.17536004083
"804",4226.63715442898
"805",6364.45450560723
"806",1345.04098188259
"807",1018.64463191253
"808",1437.69869504349
"809",1608.15242851822
"810",2142.60107623002
"811",1072.81222385959
"812",1288.43659840168
"813",1256.07681284238
"814",2095.30026883365
"815",766.483199609829
"816",1820.33819643007
"817",1296.41370822776
"818",1392.24462048126
"819",1144.37746205894
"820",835.85138481754
"821",1167.80261021481
"822",1079.55428911826
"823",1132.35121724375
"824",1408.1343726846
"825",3012.48150103926
"826",4682.78842965013
"827",4412.57281682248
"828",6870.59727650078
"829",6691.64095703185
"830",3509.50989374682
"831",8374.0709855799
"832",4909.33489064055
"833",2272.22718973796
"834",1537.75598878991
"835",1768.64531575119
"836",8141.28370953977
"837",4438.35501566269
"838",5212.53059071018
"839",3731.59359907188
"840",146.406113497703
"841",3110.77305084881
"842",17149.5324786921
"843",6649.40528631151
"844",2663.52968345617
"845",10583.1011060284
"846",961.676211623025
"847",811.669539997116
"848",9602.34497375562
"849",2402.15418856635
"850",4646.681477596
"851",1805.13524788688
"852",5340.30692257835
"853",1205.14087383639
"854",10520.3318110036
"855",12115.6646033659
"856",9975.4215184648
"857",4048.5395447088
"858",10970.1320775658
"859",12929.1189014955
"860",7412.64355056368
"861",1095.37903400448
"862",998.958797511482
"863",1500.32403076283
"864",256.512606303386
"865",1034.46172707221
"866",1824.25868307434
"867",2588.53891007412
"868",1064.45324286438
"869",3752.89477411377
"870",9080.58884239777
"871",5241.62656314688
"872",13494.9612142411
"873",18905.0863105377
"874",11355.7633458013
"875",11635.03444659
"876",50925.867282207
"877",46366.9738718496
"878",35669.6574786879
"879",13986.4523399945
"880",15657.1334543866
"881",2874.56302065639
"882",2567.81667007247
"883",1896.65488577361
"884",1383.26223462769
"885",11878.6227687887
"886",26839.3638756681
"887",9528.5436306247
"888",21342.2870984566
"889",9009.74491784977
"890",17232.7363360468
"891",11067.9585075554
"892",4532.49496119208
"893",5945.91447623921
"894",3986.25828026146
"895",1735.53208401251
"896",1749.97821921233
"897",1587.06205570828
"898",803.098962490222
"899",575.126668627235
"900",11597.016832123
"901",9324.89569802395
"902",911.759810989493
"903",701.466770770613
"904",386.772215906116
"905",437.131818980288
"906",8470.65618763956
"907",9363.4674885376
"908",16445.4640145196
"909",17745.9440169357
"910",7470.22270619287
"911",14588.9166276424
"912",10746.6568452593
"913",5950.91032871673
"914",7169.92833899118
"915",12607.2805483786
"916",1556.01809873607
"917",593.855532027357
"918",833.262769682549
"919",363.86064434007
"920",419.148690530803
"921",8771.67960320378
"922",10383.8996118653
"923",12974.5567317754
"924",17888.3808652774
"925",8978.75998252966
"926",15955.9943163333
"927",6236.11732224069
"928",17448.7182407858
"929",7627.28569944009
"930",7820.90199729824
"931",9105.83610333484
"932",4543.37465316699
"933",898.50407463174
"934",979.563052872019
"935",987.840995146305
"936",636.633594929935
"937",680.679563092709
"938",10339.0418069596
"939",13686.8725368671
"940",12794.58319552
"941",15576.5732178473
"942",10373.3751333964
"943",379.215195983305
"944",597.287784711794
"945",505.876645668582
"946",900.504604961696
"947",6245.66216784196
"948",12247.1067763082
"949",18081.6124406211
"950",727.413106733905
"951",549.89246911073
"952",414.639849528468
"953",635.297460122076
"954",1753.53973311645
"955",12630.3929525312
"956",23408.9309230197
"957",31153.9109862262
"958",1250.31711525855
"959",829.323199059798
"960",603.0374601978
"961",1350.08734419781
"962",22365.5568543135
"963",13206.7866420244
"964",20025.4723655186
"965",35571.9003587035
"966",9815.48977460929
"967",15044.6492182588
"968",7215.64444914016
"969",5727.44507780355
"970",7746.74648231567
"971",9723.30954695756
"972",6925.76788242086
"973",984.564964729611
"974",762.758575441946
"975",804.253012377273
"976",1306.0820125706
"977",19084.3926965886
"978",16187.9297731141
"979",44020.0941782137
"980",20175.8169378119
"981",7438.39504266014
"982",13710.5767368848
"983",13265.2199362368
"984",7529.05156578542
"985",4385.37304431101
"986",9879.52207106021
"987",5753.94477445629
"988",7542.0902543305
"989",3160.2908505337
"990",0
"991",1663.44037999545
"992",387.445242268931
"993",2094.1228274751
"994",2683.35281204404
"995",16565.2772310829
"996",16762.1972193203
"997",31113.9159882469
"998",14822.6731447743
"999",8035.30724772405
"1000",15121.1214198535
"1001",11093.1242146061
"1002",5791.49689136411
"1003",6790.85786009222
"1004",2383.7007614098
"1005",2233.40450302036
"1006",3215.92684417238
"1007",2375.36277398239
"1008",1371.89275486259
"1009",2360.319725931
"1010",5391.56807024719
"1011",20273.4273734906
"1012",22977.4577654847
"1013",30501.3163523257
"1014",11124.3602604567
"1015",17353.1284715252
"1016",32202.7748756357
"1017",10315.8179625078
"1018",7934.49572947772
"1019",5985.77793504503
"1020",6886.57248077205
"1021",7608.48089747996
"1022",9031.30407958181
"1023",4009.69570492458
"1024",1669.09273185564
"1025",1905.66927245911
"1026",438.672855543873
"1027",2674.87853871398
"1028",11382.2880055195
"1029",15594.4797039713
"1030",6869.16168965538
"1031",32685.9712170062
"1032",39678.8136582278
"1033",10489.7850182683
"1034",3722.25003188909
"1035",1900.34779387727
"1036",1434.45592726094
"1037",1028.9496499843
"1038",1695.00067859071
"1039",3227.15505069236
"1040",18480.7635545659
"1041",26216.7602015549
"1042",38040.9581556817
"1043",26766.4644566715
"1044",7567.76627765681
"1045",17249.8300833683
"1046",11980.9187347752
"1047",6370.63333581199
"1048",9015.36309400019
"1049",0
"1050",2111.5905208266
"1051",1680.77754542647
"1052",936.282532432072
"1053",516.686376594593
"1054",1527.28027064834
"1055",25312.0809721781
"1056",21956.968675099
"1057",23795.2639559073
"1058",24286.7052485383
"1059",4307.24974082407
"1060",11076.0602240436
"1061",9371.13016231436
"1062",12804.5715817964
"1063",10029.7833299455
"1064",233.960619127545
"1065",0
"1066",1150.10196723586
"1067",1694.48003147202
"1068",340.43876876262
"1069",15294.588547827
"1070",12551.1492817247
"1071",17691.868407803
"1072",17183.212269869
"1073",17228.3848327935
"1074",12455.3109172043
"1075",7488.21208264902
"1076",9885.35267955729
"1077",1236.27935803976
"1078",1217.68564065174
"1079",14922.300805074
"1080",143.154227285041
"1081",43095.9042352575
"1082",17408.2147158673
"1083",35313.5190028229
"1084",7966.79560862601
"1085",15816.5144333544
"1086",20007.3377324937
"1087",11825.2569662715
"1088",12531.6628559169
"1089",4162.93014942467
"1090",13912.0839790043
"1091",0
"1092",20694.5334799482
"1093",0
"1094",7730.27845416183
"1095",10604.0708123764
"1096",0
"1097",241.585490846416
"1098",12262.3859639075
"1099",1248.10676911267
"1100",11998.3269153015
"1101",4975.89030808594
"1102",12260.5358690449
"1103",18308.7106097217
"1104",298.426282948149
"1105",0
"1106",10629.6151723169
"1107",6375.11285451022
"1108",11490.5428137825
"1109",267.09856110305
"1110",7685.03328198784
"1111",39997.369332866
"1112",17735.954212244
"1113",7243.69862156052
"1114",3861.07520852061
"1115",6328.95314871594
"1116",9949.29094459777
"1117",15626.289097983
"1118",10031.5009518636
"1119",8766.86922161816
"1120",2927.13450234135
"1121",21658.5105316741
"1122",5168.88639725538
"1123",1312.77143278839
"1124",5366.84110937
"1125",5769.42147614327
"1126",6419.14035764404
"1127",216.876298168484
"1128",0
"1129",3748.18024151692
"1130",6038.09909890381
"1131",1218.85589866308
"1132",772.98191481273
"1133",543.575320844115
"1134",11865.3948603865
"1135",26718.0732620194
"1136",16405.9078231432
"1137",5282.5827424609
"1138",3924.97815865448
"1139",4767.22724053915
"1140",4007.17352008728
"1141",1746.74081558604
"1142",5938.74856633673
"1143",5297.05161850465
"1144",5014.30055403769
"1145",5715.17521703132
"1146",47424.6972798731
"1147",13650.4917960635
"1148",21491.166239169
"1149",6333.16944905981
"1150",1479.11934567326
"1151",1688.1409855665
"1152",5843.31183665366
"1153",2789.10598376524
"1154",2961.51745365417
"1155",14434.9456577872
"1156",6956.7599907946
"1157",107.262010059765
"1158",1014.29041956227
"1159",2755.46249337483
"1160",6268.052287688
"1161",1032.24160439119
"1162",0
"1163",8048.34140128353
"1164",4205.50031304875
"1165",16842.9069377968
"1166",12511.179906069
"1167",4282.49218712906
"1168",1706.28086665069
"1169",1250.43336268722
"1170",2851.30172648252
"1171",1944.0196545215
"1172",3463.01486533472
"1173",0
"1174",3010.1352551718
"1175",1431.58004471759
"1176",2126.50304861934
"1177",702.842574669441
"1178",1991.87090739874
"1179",0
"1180",2431.35376914285
"1181",990.042550589862
"1182",894.395660619254
"1183",1720.95889814798
"1184",2515.80463959637
"1185",5856.3226478559
"1186",3375.35175330346
"1187",1730.11517725674
"1188",896.52769466209
"1189",4915.90770452831
"1190",5330.62688881221
"1191",5228.91967404514
"1192",660.98126524793
"1193",0
"1194",0
"1195",235.415586646007
"1196",0
"1197",1585.92947238533
"1198",1273.09610538437
"1199",1594.45944967313
"1200",3337.09792038446
"1201",2596.42759693107
"1202",1417.46329285281
"1203",579.599919288548
"1204",1443.37167641935
"1205",774.506188904953
"1206",771.181244116362
"1207",626.777732418386
"1208",1375.56531136168
"1209",564.249817177512
"1210",1577.98905783528
"1211",1157.04791591283
"1212",9784.76002638199
"1213",0
"1214",0
"1215",0
"1216",112.253463951457
"1217",0
"1218",407.025729688903
"1219",320.047857884232
"1220",300.020494399198
"1221",381.288125389696
"1222",531.110057310707
"1223",1928.24218949818
"1224",89.9175720936684
"1225",0
"1226",0
"1227",0
"1228",0
"1229",0
"1230",0
"1231",293.511188120236
"1232",60.4115931358196
"1233",220.372090712793
"1234",574.350411035605
"1235",522.06855559794
"1236",648.104970506515
"1237",393.600575307672
"1238",1059.74756023684
"1239",42.44408664748
"1240",0
"1241",0
"1242",0
"1243",0
"1244",0
"1245",0
"1246",0
"1247",0
"1248",440.079955702771
"1249",590.045195519951
"1250",6400.62576223436
"1251",2622.63578955941
"1252",3322.90049351499
"1253",322.017869250715
"1254",97.8940824905226
"1255",21.112766963306
"1256",0
"1257",0
"1258",0
"1259",0
"1260",0
"1261",0
"1262",0
"1263",0
"1264",0
"1265",1023.89740103767
"1266",0
"1267",0
"1268",0
"1269",0
"1270",8494.6036505326
"1271",5768.49688075299
"1272",2086.7534689735
"1273",168.258706533058
"1274",64.1133226092286
"1275",42.0688920665985
"1276",0
"1277",0
"1278",0
"1279",0
"1280",0
"1281",0
"1282",9156.10111581949
"1283",6437.27721262313
"1284",442.60217883422
"1285",619.486781194257
"1286",48.5809652429654
"1287",18.5076912041648
"1288",15.6943936424786
"1289",0
"1290",0
"1291",0
"1292",0
"1293",315.156920297342
"1294",3892.58340705478
"1295",6492.94562557894
"1296",325.384843427373
"1297",85.0635985932745
"1298",1921.00277291324
"1299",2291.66479863024
"1300",846.111483834438
"1301",30.8047132131279
"1302",0
"1303",0
"1304",0
"1305",0
"1306",11298.8979385868
"1307",11043.2225443837
"1308",835.236659864952
"1309",1988.53387235401
"1310",4277.13044353196
"1311",1277.63675287279
"1312",932.417921975411
"1313",8.25811633470501
"1314",0
"1315",0
"1316",0
"1317",0
"1318",2016.43898421131
"1319",2166.73075113469
"1320",1485.9849858211
"1321",2559.71003409539
"1322",5927.13813746156
"1323",1410.15211916226
"1324",84.9259650837709
"1325",10.5958973604277
"1326",295.449168470537
"1327",1365.07687662089
"1328",0
"1329",0
"1330",6512.91849603087
"1331",4189.31886888648
"1332",1026.49438401235
"1333",1939.30654933448
"1334",695.582421928764
"1335",1443.00438857889
"1336",576.057074060124
"1337",0
"1338",0
"1339",0
"1340",3291.14124239011
"1341",0
"1342",995.147873197443
"1343",2147.36717097213
"1344",1681.91564461055
"1345",2785.51841000329
"1346",3634.22126008184
"1347",3132.13179432978
"1348",809.416770765466
"1349",163.334317850715
"1350",0
"1351",5128.39513252054
"1352",718.930249786774
"1353",509.869952179387
"1354",590.362407249387
"1355",1235.6696222161
"1356",856.246975432853
"1357",582.036238461844
"1358",2379.36474125219
"1359",174.969595491744
"1360",0
"1361",0
"1362",1465.30834465935
"1363",190.569145649118
"1364",505.926775794029
"1365",412.181642828456
"1366",530.117717837202
"1367",633.729687721696
"1368",1045.9754068654
"1369",1272.86567269156
"1370",1839.10723043021
"1371",84.5486480878965
"1372",112.959517006035
"1373",800.086996928658
"1374",606.348819280663
"1375",437.371807384343
"1376",197.831492469275
"1377",5.25750185510539
"1378",1.83381971838908
"1379",32.2992016981223
"1380",226.267536580134
"1381",294.023308714414
"1382",1291.30882504741
"1383",2323.01470719168
"1384",3200.20880426143
"1385",2179.361991037
"1386",5.99898874177812
"1387",23.3981560328288
"1388",207.496469218122
"1389",819.517807161076
"1390",37.1064100286199
"1391",38.9615216363361
"1392",36.1722462837819
