"","Element ID","/Layer_1/Streams_Inflow (+)(AF/year)"
"1",1,4772.38451410382
"2",2,3968.76911630393
"3",3,0
"4",4,0
"5",5,1893.22157502727
"6",6,72.33692071885
"7",7,2584.02120716552
"8",8,1942.73765724775
"9",9,276.004916092878
"10",10,3423.2310986961
"11",11,1816.24107562653
"12",12,1171.19475842697
"13",13,1081.78471847842
"14",14,844.961475853975
"15",15,1355.75240734693
"16",16,783.195154199718
"17",17,1904.15155640011
"18",18,0
"19",19,1096.74091529951
"20",20,1953.47759536154
"21",21,662.430064571852
"22",22,1915.58974728558
"23",23,1945.65927014703
"24",24,198.08159381883
"25",25,219.650448082904
"26",26,454.424290758021
"27",27,2148.48484753421
"28",28,4252.2254740004
"29",29,4882.62012718114
"30",30,2408.2750450843
"31",31,693.680656358337
"32",32,1062.1527944003
"33",33,589.515987972069
"34",34,511.969677593119
"35",35,1632.45064399268
"36",36,3141.51066045777
"37",37,0
"38",38,380.202296435718
"39",39,621.690737086742
"40",40,1203.79375281455
"41",41,513.084251236364
"42",42,1273.76841460961
"43",43,3076.73577342874
"44",44,4914.31005394235
"45",45,3794.52396354711
"46",46,11430.8842551744
"47",47,4286.92086743316
"48",48,2626.3127070314
"49",49,0
"50",50,0
"51",51,389.287599336113
"52",52,2703.48627366341
"53",53,4674.94489841597
"54",54,5791.37824635979
"55",55,0
"56",56,0
"57",57,0
"58",58,565.887648626451
"59",59,0
"60",60,0
"61",61,0
"62",62,2360.19054780491
"63",63,5009.50166190133
"64",64,5579.81284235945
"65",65,0
"66",66,0
"67",67,0
"68",68,2195.1380426029
"69",69,3265.4240863367
"70",70,10950.5455624257
"71",71,5414.28691217411
"72",72,2789.30004286777
"73",73,1331.06132332857
"74",74,1203.0208097722
"75",75,1176.37366775029
"76",76,2907.8014851147
"77",77,9118.80287738313
"78",78,8146.44207104361
"79",79,4988.21742905627
"80",80,3644.58384471888
"81",81,7801.31913913889
"82",82,9019.32875205809
"83",83,4059.97500900986
"84",84,10297.2458325481
"85",85,23216.100667638
"86",86,5674.80193501166
"87",87,620.372761089491
"88",88,1761.00320409349
"89",89,3780.5537298838
"90",90,2610.74455313981
"91",91,2913.58688574586
"92",92,4454.7301602857
"93",93,1733.19636521831
"94",94,1573.57134277917
"95",95,0
"96",96,1759.18389206543
"97",97,4345.99013622114
"98",98,12926.5010489972
"99",99,3791.11808314107
"100",100,1124.40191049974
"101",101,0
"102",102,0
"103",103,11714.3491157115
"104",104,11691.1094612817
"105",105,0
"106",106,7881.51534972293
"107",107,7594.17967075905
"108",108,6319.92980650762
"109",109,1118.57428872649
"110",110,16130.5260390488
"111",111,9627.8447965661
"112",112,13225.8063428872
"113",113,9613.9751639885
"114",114,9871.42728185594
"115",115,0
"116",116,4157.28959205701
"117",117,0
"118",118,0
"119",119,3967.25923901255
"120",120,6617.33336897185
"121",121,5375.64124405167
"122",122,7184.62022498303
"123",123,8061.60164782703
"124",124,584.208739846507
"125",125,1014.45287704365
"126",126,1407.66489101038
"127",127,3087.75065012599
"128",128,4360.88780828035
"129",129,2657.83856878003
"130",130,3661.02181903825
"131",131,4890.75889081117
"132",132,12870.5810316732
"133",133,2377.20882070544
"134",134,0
"135",135,9567.57599943734
"136",136,10421.6131162074
"137",137,5085.58896981847
"138",138,2096.13931060971
"139",139,1948.43693079225
"140",140,0
"141",141,0
"142",142,0
"143",143,0
"144",144,1361.21338706564
"145",145,1993.29016145912
"146",146,3207.73311219187
"147",147,208.102723890855
"148",148,334.911706174836
"149",149,529.440117698337
"150",150,0
"151",151,0
"152",152,0
"153",153,0
"154",154,4916.7288073893
"155",155,4393.15999280993
"156",156,0
"157",157,0
"158",158,3691.94278160145
"159",159,3167.85968964171
"160",160,840.84506946955
"161",161,788.894598147659
"162",162,0
"163",163,0
"164",164,3380.97698897016
"165",165,3546.28380982782
"166",166,1921.39851051432
"167",167,0
"168",168,0
"169",169,0
"170",170,0
"171",171,0
"172",172,5376.24661064436
"173",173,5226.9220776384
"174",174,947.298168026936
"175",175,1044.88824463188
"176",176,0
"177",177,0
"178",178,1510.16031412972
"179",179,2101.89191055677
"180",180,0
"181",181,0
"182",182,0
"183",183,0
"184",184,0
"185",185,0
"186",186,3240.14174224187
"187",187,3377.83158390439
"188",188,3946.85209610793
"189",189,125.9651347413
"190",190,334.869745547096
"191",191,516.253429843289
"192",192,0
"193",193,0
"194",194,1675.84794441018
"195",195,4739.99166873686
"196",196,3267.98061656221
"197",197,0
"198",198,0
"199",199,0
"200",200,0
"201",201,1325.93296370187
"202",202,0
"203",203,0
"204",204,0
"205",205,0
"206",206,2066.71435026549
"207",207,1064.27306199389
"208",208,526.613778861732
"209",209,415.157662449695
"210",210,0
"211",211,0
"212",212,159.414507952126
"213",213,0
"214",214,0
"215",215,1836.36774962375
"216",216,4303.89941990491
"217",217,0
"218",218,0
"219",219,0
"220",220,0
"221",221,0
"222",222,0
"223",223,2709.89855323625
"224",224,5468.21948615995
"225",225,756.987756406637
"226",226,468.314472282662
"227",227,366.031077955751
"228",228,0
"229",229,0
"230",230,3701.02458531376
"231",231,3360.62337111103
"232",232,767.347967419471
"233",233,0
"234",234,0
"235",235,0
"236",236,1703.25334102837
"237",237,12250.4346776156
"238",238,9781.17824221702
"239",239,375.072932306119
"240",240,508.952100420282
"241",241,0
"242",242,0
"243",243,0
"244",244,1306.26078020543
"245",245,8451.82453381637
"246",246,7015.88004885171
"247",247,13571.6836530745
"248",248,811.245741033005
"249",249,1983.5407112468
"250",250,6421.64211168491
"251",251,9331.83955468615
"252",252,4187.20436887259
"253",253,0
"254",254,0
"255",255,0
"256",256,868.416019911133
"257",257,1401.80395918564
"258",258,1086.41067747664
"259",259,8379.62288406812
"260",260,10181.3465158986
"261",261,0
"262",262,0
"263",263,1750.60777789857
"264",264,1187.32121900209
"265",265,1315.97694829788
"266",266,5263.1495846671
"267",267,9356.81175346755
"268",268,2535.87042163852
"269",269,493.593987671791
"270",270,897.591972878552
"271",271,2106.74179338473
"272",272,3267.38464622855
"273",273,0
"274",274,0
"275",275,5489.32550895281
"276",276,3274.97236144349
"277",277,21.3627161367566
"278",278,18.4876402146581
"279",279,1216.72833784759
"280",280,1535.95244327206
"281",281,5456.79930102753
"282",282,5890.25451955505
"283",283,3563.26696317599
"284",284,0
"285",285,0
"286",286,0
"287",287,2957.25720779208
"288",288,2492.6123106019
"289",289,8581.32818423424
"290",290,3968.42727241533
"291",291,4574.88157884103
"292",292,1687.27888715007
"293",293,2111.78596177763
"294",294,2646.72252597023
"295",295,3515.52537279519
"296",296,0
"297",297,0
"298",298,0
"299",299,0
"300",300,3226.36215253912
"301",301,16312.252552335
"302",302,10107.1058234322
"303",303,2978.00196184185
"304",304,2395.06423692354
"305",305,4000.39236956151
"306",306,2784.17312945761
"307",307,0
"308",308,0
"309",309,0
"310",310,0
"311",311,1792.07281748426
"312",312,3363.14564277844
"313",313,9043.50147630604
"314",314,8497.22797386587
"315",315,9416.77522172951
"316",316,2705.06896589226
"317",317,4604.39955301948
"318",318,4297.74128385343
"319",319,3150.34992655369
"320",320,699.091652660946
"321",321,681.329184905474
"322",322,1619.70180150177
"323",323,823.097741741143
"324",324,0
"325",325,2514.82300016568
"326",326,7074.55800635503
"327",327,9799.47205921692
"328",328,16084.8557905425
"329",329,5186.40413403792
"330",330,4777.10128142086
"331",331,700.686343457959
"332",332,4025.80180792339
"333",333,3858.85595137605
"334",334,800.412526432251
"335",335,1515.06465949907
"336",336,1090.86974247802
"337",337,1100.12236848033
"338",338,3889.23860863965
"339",339,24982.5929583057
"340",340,22309.2613757617
"341",341,8188.16822573187
"342",342,3733.36558358726
"343",343,0
"344",344,0
"345",345,0
"346",346,0
"347",347,0
"348",348,3137.21582261328
"349",349,14724.5799916821
"350",350,13915.288176718
"351",351,10171.8273660309
"352",352,7316.40688151874
"353",353,2548.80754867983
"354",354,2085.21261111272
"355",355,2783.31371415619
"356",356,2144.62974196182
"357",357,5115.62139116133
"358",358,4146.22531961171
"359",359,4214.35681520673
"360",360,6406.66047481294
"361",361,4207.81494252321
"362",362,2602.56446577138
"363",363,0
"364",364,0
"365",365,0
"366",366,0
"367",367,0
"368",368,0
"369",369,0
"370",370,0
"371",371,0
"372",372,0
"373",373,0
"374",374,0
"375",375,4734.57456814428
"376",376,0
"377",377,0
"378",378,3532.01935200177
"379",379,0
"380",380,0
"381",381,0
"382",382,0
"383",383,0
"384",384,1314.70094076461
"385",385,1640.75220370808
"386",386,436.402036124886
"387",387,418.858495757675
"388",388,0
"389",389,2743.73819269297
"390",390,1193.66931902308
"391",391,768.861519348038
"392",392,3554.4083005109
"393",393,2330.95372854453
"394",394,5697.36892294464
"395",395,844.978390533548
"396",396,0
"397",397,0
"398",398,0
"399",399,119.488825218878
"400",400,197.065173278683
"401",401,547.415270383034
"402",402,0
"403",403,0
"404",404,0
"405",405,0
"406",406,3672.50690884012
"407",407,5874.48124194728
"408",408,3369.13430542978
"409",409,1262.11996935946
"410",410,1995.56821016351
"411",411,1770.79383676192
"412",412,2438.74308629797
"413",413,5663.41767676149
"414",414,3680.2994349905
"415",415,8219.91477830889
"416",416,12211.7900089662
"417",417,6577.39311468998
"418",418,3526.05192824933
"419",419,3378.75218301383
"420",420,2049.41833556128
"421",421,3405.64251447792
"422",422,391.905305397849
"423",423,4065.04918972548
"424",424,3365.0655177075
"425",425,2500.07581625252
"426",426,2543.24694798082
"427",427,5563.03430104858
"428",428,10484.4667109501
"429",429,5166.38062620059
"430",430,6747.09344810286
"431",431,7774.16265156866
"432",432,0
"433",433,0
"434",434,7467.17800200546
"435",435,7754.7051698739
"436",436,0
"437",437,0
"438",438,491.849623237782
"439",439,249.076691042818
"440",440,4738.19127325679
"441",441,0
"442",442,0
"443",443,4880.49180108085
"444",444,2835.50936486469
"445",445,3919.83208340468
"446",446,1787.67433233686
"447",447,3573.29712086223
"448",448,4281.58077540595
"449",449,5615.03141518758
"450",450,0
"451",451,0
"452",452,8426.36047100578
"453",453,8124.15977841087
"454",454,0
"455",455,1222.06747616497
"456",456,5122.77149575857
"457",457,2188.42207474588
"458",458,0
"459",459,1922.76647382137
"460",460,2623.83688762903
"461",461,1783.29435090301
"462",462,0
"463",463,0
"464",464,0
"465",465,1150.73365504472
"466",466,2432.64565063493
"467",467,3347.86023150148
"468",468,0
"469",469,7634.45009261799
"470",470,8654.14872234487
"471",471,0
"472",472,7827.69625645139
"473",473,6418.22289093246
"474",474,1479.07077203658
"475",475,2844.82440134805
"476",476,2418.40290302477
"477",477,2062.80525465278
"478",478,284.239816099264
"479",479,643.995697105799
"480",480,0
"481",481,0
"482",482,0
"483",483,0
"484",484,13110.0852149944
"485",485,9849.61934727897
"486",486,169267.335013752
"487",487,66297.7795597647
"488",488,619306.631999561
"489",489,661666.416383932
"490",490,2076.61871860438
"491",491,213542.650907733
"492",492,535.101948228542
"493",493,5158.91707216422
"494",494,7099.88167426365
"495",495,0
"496",496,0
"497",497,0
"498",498,0
"499",499,0
"500",500,81430.7214507521
"501",501,108350.11024199
"502",502,902450.892863674
"503",503,1417916.34137076
"504",504,915925.938661568
"505",505,149870.930687195
"506",506,3609.84488912578
"507",507,0
"508",508,1418.77182430263
"509",509,4440.78725558068
"510",510,0
"511",511,5018.54153207262
"512",512,3749.42633588368
"513",513,6693.5649371693
"514",514,13659.0295649509
"515",515,10152.1112705853
"516",516,6049.96150443611
"517",517,2773.25771577309
"518",518,730.617664407116
"519",519,0
"520",520,0
"521",521,7039.62171000974
"522",522,5475.47038296704
"523",523,11217.8101897418
"524",524,7238.68452981212
"525",525,7476.00248525743
"526",526,3891.1595486794
"527",527,2069.62378845261
"528",528,1401.15639750426
"529",529,1449.32710837786
"530",530,4155.05320069585
"531",531,1639.30970445215
"532",532,832.103868723294
"533",533,0
"534",534,0
"535",535,0
"536",536,0
"537",537,0
"538",538,89948.9686215838
"539",539,57525.015693547
"540",540,148071.28137064
"541",541,545441.818822926
"542",542,5663.31443302955
"543",543,3529.84082457113
"544",544,3464.23526348215
"545",545,8870.69908566388
"546",546,8666.33151538963
"547",547,6478.34005343027
"548",548,7915.36461685268
"549",549,7917.66788900592
"550",550,5057.11578025439
"551",551,26.1660978771887
"552",552,86.229492909195
"553",553,25.3263886857429
"554",554,0.0726112574167491
"555",555,3382.3263667174
"556",556,3492.11761208021
"557",557,12598.5449175278
"558",558,26798.4997293543
"559",559,22200.1825077137
"560",560,9078.34158350496
"561",561,4956.75069386905
"562",562,5920.77208409763
"563",563,5301.60277199757
"564",564,3865.63893894608
"565",565,5254.41355976083
"566",566,6072.65028489015
"567",567,5369.92721573129
"568",568,3680.54187219048
"569",569,0.0293979396963614
"570",570,2701.67894651074
"571",571,2655.02111360047
"572",572,3810.97477604378
"573",573,20902.7505179021
"574",574,11785.505042552
"575",575,0
"576",576,14717.7002830929
"577",577,15833.4106502305
"578",578,9370.00736106193
"579",579,13672.4453869556
"580",580,2949.23205631452
"581",581,1114.18946837998
"582",582,0
"583",583,0
"584",584,0
"585",585,0
"586",586,0
"587",587,0
"588",588,7211.66128391924
"589",589,18251.3942190375
"590",590,15748.472179636
"591",591,2049.09114029987
"592",592,0
"593",593,0
"594",594,0
"595",595,0
"596",596,0
"597",597,0
"598",598,0
"599",599,0
"600",600,0
"601",601,0
"602",602,0
"603",603,0
"604",604,0
"605",605,1199.9698382585
"606",606,9697.22327266458
"607",607,11422.9108262842
"608",608,3074.62175434735
"609",609,2250.1838588167
"610",610,216.131121377151
"611",611,926.870348396595
"612",612,1099.48274669601
"613",613,1582.98214081503
"614",614,2565.49267141583
"615",615,2872.7398216218
"616",616,891.038349097986
"617",617,1560.01267953187
"618",618,0
"619",619,0
"620",620,0
"621",621,1312.21209862486
"622",622,0
"623",623,0
"624",624,0
"625",625,2199.04676617239
"626",626,1461.09381652011
"627",627,367.861908514064
"628",628,1086.62036158829
"629",629,1286.81413696542
"630",630,2027.35460197311
"631",631,2095.00931487662
"632",632,1025.15122192248
"633",633,1548.48562280755
"634",634,0
"635",635,886.975128938676
"636",636,1243.69442327315
"637",637,283.988769248294
"638",638,0
"639",639,0
"640",640,0
"641",641,0
"642",642,0
"643",643,0
"644",644,0
"645",645,558.932233768939
"646",646,1669.03518802974
"647",647,1485.6682271729
"648",648,4967.86553252564
"649",649,4594.53018075642
"650",650,3722.34375896391
"651",651,0
"652",652,0
"653",653,0
"654",654,0
"655",655,0
"656",656,3793.59709490585
"657",657,4518.5227786691
"658",658,3555.61122136415
"659",659,3838.03660779174
"660",660,0
"661",661,1694.76853083266
"662",662,4089.37441561441
"663",663,5634.55461304985
"664",664,5616.0767501397
"665",665,3325.5415962945
"666",666,3965.74582966988
"667",667,4704.82707972729
"668",668,2406.33947459647
"669",669,2897.42213525617
"670",670,0
"671",671,2939.76599521844
"672",672,3234.76096884883
"673",673,0
"674",674,0
"675",675,0
"676",676,0
"677",677,0
"678",678,0
"679",679,0
"680",680,330.916777879892
"681",681,1030.61345219879
"682",682,1938.9212165059
"683",683,1063.44543891216
"684",684,1238.69115814149
"685",685,0
"686",686,0
"687",687,0
"688",688,0
"689",689,0
"690",690,0
"691",691,0
"692",692,1749.41593590905
"693",693,2023.79787169639
"694",694,2521.81857123442
"695",695,1225.42374563339
"696",696,1766.13751982595
"697",697,2871.44428902183
"698",698,2056.28084311044
"699",699,1549.84441601706
"700",700,2622.12685845446
"701",701,3704.4900397162
"702",702,2995.06895727229
"703",703,6121.05821137292
"704",704,2769.17183839037
"705",705,1049.33784498987
"706",706,1965.82941405436
"707",707,1815.15751896423
"708",708,1494.03125952525
"709",709,3406.1981762306
"710",710,4750.29099938594
"711",711,2897.74185980985
"712",712,3905.4229011854
"713",713,1609.49654826486
"714",714,2530.61308269841
"715",715,1243.08188504531
"716",716,3005.03254369706
"717",717,1356.75058570805
"718",718,0
"719",719,0
"720",720,0
"721",721,0
"722",722,0
"723",723,0
"724",724,0
"725",725,0
"726",726,0
"727",727,682.848135289233
"728",728,3611.19072663207
"729",729,4064.63211892338
"730",730,5006.89857712178
"731",731,0
"732",732,1654.92931464761
"733",733,1204.09587938642
"734",734,0
"735",735,0
"736",736,0
"737",737,0
"738",738,1421.22122739855
"739",739,2045.40475227503
"740",740,1544.55738115466
"741",741,1901.89622532024
"742",742,2725.19603895049
"743",743,1500.93379442042
"744",744,2193.2316799689
"745",745,2143.15312633358
"746",746,1577.0641869017
"747",747,3012.4545433955
"748",748,0
"749",749,0
"750",750,0
"751",751,0
"752",752,496.548282467161
"753",753,252.707064316087
"754",754,2822.22928722278
"755",755,2510.2209922727
"756",756,1920.36880465859
"757",757,3805.01926721145
"758",758,3594.28928979698
"759",759,1894.52510297011
"760",760,2749.55738904974
"761",761,3214.29733478011
"762",762,2149.45393976494
"763",763,1960.57764129022
"764",764,627.417142220778
"765",765,1997.84592305636
"766",766,505.409851534615
"767",767,1863.1773176416
"768",768,717.200956790352
"769",769,1546.30491984842
"770",770,811.854328791016
"771",771,1263.67922849646
"772",772,2886.45461441779
"773",773,0
"774",774,0
"775",775,0
"776",776,0
"777",777,0
"778",778,0
"779",779,0
"780",780,813.081370746991
"781",781,3249.27641236545
"782",782,1112.20035008235
"783",783,689.296698689381
"784",784,36.2425263358845
"785",785,227.153288380042
"786",786,1284.7350154227
"787",787,3192.88530310537
"788",788,3230.22483653786
"789",789,3656.16453734503
"790",790,5543.88833802255
"791",791,0
"792",792,2847.28665514222
"793",793,0
"794",794,0
"795",795,0
"796",796,0
"797",797,0
"798",798,0
"799",799,0
"800",800,478.386195074368
"801",801,658.927700299164
"802",802,2886.47318252983
"803",803,1943.69867283252
"804",804,1388.02520700846
"805",805,1721.79602567851
"806",806,1499.09175274081
"807",807,946.021949734322
"808",808,613.709009688926
"809",809,3412.0156393538
"810",810,370.995358482759
"811",811,503.82250868876
"812",812,2661.025434074
"813",813,1844.26877509085
"814",814,6186.54658191406
"815",815,8706.31690932114
"816",816,7907.66553183373
"817",817,7816.02519926175
"818",818,0
"819",819,0
"820",820,0
"821",821,0
"822",822,0
"823",823,2744.72298758743
"824",824,5010.63880794152
"825",825,7888.94228185019
"826",826,6564.43091159423
"827",827,13789.0181363853
"828",828,678.490400086761
"829",829,0
"830",830,0
"831",831,2270.80844010927
"832",832,1274.83714658208
"833",833,4096.34511726454
"834",834,5526.7927043662
"835",835,3245.10043668252
"836",836,4305.84950961872
"837",837,5148.22883823202
"838",838,6410.43856590198
"839",839,13811.9079236979
"840",840,2820.79082583371
"841",841,251.765088688911
"842",842,669.2609808773
"843",843,46.649132496064
"844",844,0
"845",845,1319.76331588795
"846",846,52.8873389731275
"847",847,0
"848",848,2409.05664423454
"849",849,993.183459255175
"850",850,4608.72031522704
"851",851,4129.49967725258
"852",852,5725.03457211301
"853",853,0
"854",854,0
"855",855,0
"856",856,0
"857",857,0
"858",858,0
"859",859,63.9845392929345
"860",860,56.5418716208685
"861",861,353.056799051968
"862",862,32.7457871725348
"863",863,74.520099407073
"864",864,6.8985840696256
"865",865,307.399163781768
"866",866,121.813529679282
"867",867,60.4319745746351
"868",868,10.4062902257912
"869",869,5053.84487031886
"870",870,4410.23334164856
"871",871,10010.4560815185
"872",872,5349.05081477298
"873",873,15151.4156232194
"874",874,5470.94695323508
"875",875,8179.27013841433
"876",876,11272.202658608
"877",877,8405.8322456675
"878",878,15165.9050099949
"879",879,7354.81182166203
"880",880,8454.21306310257
"881",881,626.934104470715
"882",882,117.641102081035
"883",883,0
"884",884,0
"885",885,8440.68418342139
"886",886,16621.6868140008
"887",887,2669.57332325046
"888",888,10116.6069401237
"889",889,11912.4910180747
"890",890,9049.09714635878
"891",891,7001.67627538312
"892",892,6533.47737384655
"893",893,7667.53483676493
"894",894,2361.75603768774
"895",895,4779.89389604624
"896",896,0
"897",897,0
"898",898,0
"899",899,0
"900",900,13041.7770769809
"901",901,9662.15235878374
"902",902,0
"903",903,0
"904",904,0
"905",905,0
"906",906,5457.99122009655
"907",907,10165.5814573385
"908",908,7624.6509967234
"909",909,0
"910",910,0
"911",911,0
"912",912,0
"913",913,0
"914",914,0
"915",915,0
"916",916,0
"917",917,0
"918",918,0
"919",919,0
"920",920,0
"921",921,0
"922",922,9902.49452706059
"923",923,12862.494790015
"924",924,0
"925",925,0
"926",926,0
"927",927,0
"928",928,0
"929",929,0
"930",930,0
"931",931,0
"932",932,0
"933",933,0
"934",934,0
"935",935,0
"936",936,0
"937",937,0
"938",938,0
"939",939,17211.6290710003
"940",940,13612.4060293239
"941",941,0
"942",942,0
"943",943,888.418072488427
"944",944,217.442632470589
"945",945,50.3456867454131
"946",946,0
"947",947,0
"948",948,20594.7302646624
"949",949,16215.9350990602
"950",950,934.103901095201
"951",951,233.412074035216
"952",952,52.3348934976017
"953",953,0
"954",954,6806.81982025312
"955",955,17715.8234675058
"956",956,8949.95760150143
"957",957,0
"958",958,0
"959",959,0
"960",960,0
"961",961,0
"962",962,23271.2667707252
"963",963,16376.3255462561
"964",964,0
"965",965,0
"966",966,0
"967",967,0
"968",968,0
"969",969,0
"970",970,0
"971",971,0
"972",972,0
"973",973,0
"974",974,0
"975",975,0
"976",976,0
"977",977,16906.5824073711
"978",978,14678.3129164398
"979",979,0
"980",980,0
"981",981,0
"982",982,0
"983",983,0
"984",984,0
"985",985,0
"986",986,2958.12868905201
"987",987,1282.33572586186
"988",988,4009.23200647915
"989",989,1670.03489799383
"990",990,8851.48932439616
"991",991,0
"992",992,0
"993",993,0
"994",994,0
"995",995,8949.05037420244
"996",996,12492.9662439494
"997",997,0
"998",998,0
"999",999,0
"1000",1000,0
"1001",1001,0
"1002",1002,0
"1003",1003,5428.98039757848
"1004",1004,1869.7693323004
"1005",1005,4097.44124231532
"1006",1006,2949.74207783574
"1007",1007,4294.50397292282
"1008",1008,1249.62741545204
"1009",1009,227.969764241964
"1010",1010,0
"1011",1011,12844.4139887286
"1012",1012,22139.1818182739
"1013",1013,14607.2535540276
"1014",1014,0
"1015",1015,0
"1016",1016,0
"1017",1017,0
"1018",1018,6092.4797415209
"1019",1019,7149.19748319616
"1020",1020,7671.06119735349
"1021",1021,5415.46020354873
"1022",1022,3983.99358334385
"1023",1023,6793.20033580787
"1024",1024,4976.90364987589
"1025",1025,1428.99873660383
"1026",1026,205.461346600306
"1027",1027,0
"1028",1028,8645.15121654409
"1029",1029,21833.0237857331
"1030",1030,7365.49213768796
"1031",1031,20069.6196730632
"1032",1032,21040.5951541942
"1033",1033,12966.135880245
"1034",1034,8393.64215550176
"1035",1035,889.996233681213
"1036",1036,0
"1037",1037,0
"1038",1038,0
"1039",1039,3325.2532932414
"1040",1040,12454.1922717653
"1041",1041,13257.5009849021
"1042",1042,26597.8032963664
"1043",1043,18873.4537658612
"1044",1044,6946.31341238639
"1045",1045,19184.9390003789
"1046",1046,8106.52522602382
"1047",1047,4459.21211542676
"1048",1048,2469.16212916378
"1049",1049,0
"1050",1050,0
"1051",1051,0
"1052",1052,0
"1053",1053,0
"1054",1054,3426.10330233269
"1055",1055,7164.60303013894
"1056",1056,0
"1057",1057,0
"1058",1058,0
"1059",1059,3566.34006882842
"1060",1060,0
"1061",1061,0
"1062",1062,0
"1063",1063,0
"1064",1064,0
"1065",1065,0
"1066",1066,0
"1067",1067,0
"1068",1068,0
"1069",1069,9092.60229976643
"1070",1070,2976.37953902043
"1071",1071,0
"1072",1072,0
"1073",1073,0
"1074",1074,0
"1075",1075,0
"1076",1076,0
"1077",1077,0
"1078",1078,0
"1079",1079,0
"1080",1080,0
"1081",1081,13864.4080672813
"1082",1082,2284.00308912236
"1083",1083,9196.27470437136
"1084",1084,2139.11804871125
"1085",1085,0
"1086",1086,0
"1087",1087,0
"1088",1088,0
"1089",1089,0
"1090",1090,0
"1091",1091,0
"1092",1092,0
"1093",1093,0
"1094",1094,0
"1095",1095,4064.38804787349
"1096",1096,596.605356780216
"1097",1097,0
"1098",1098,4407.62606565293
"1099",1099,2496.25293960769
"1100",1100,0
"1101",1101,4891.32347492893
"1102",1102,7842.75281852829
"1103",1103,5231.46459975175
"1104",1104,595.95224893737
"1105",1105,1947.34283243723
"1106",1106,0
"1107",1107,0
"1108",1108,12725.1370451657
"1109",1109,7449.09604731045
"1110",1110,13279.3735527402
"1111",1111,12417.3396965957
"1112",1112,11798.6202042395
"1113",1113,5921.30997600373
"1114",1114,6668.71457971929
"1115",1115,4550.26953701972
"1116",1116,10186.1213435198
"1117",1117,8751.16047947302
"1118",1118,0
"1119",1119,0
"1120",1120,0
"1121",1121,11445.374031676
"1122",1122,6485.95453269191
"1123",1123,1038.45521748539
"1124",1124,5079.05704045506
"1125",1125,2292.33854361348
"1126",1126,0
"1127",1127,0
"1128",1128,0
"1129",1129,337.339636541184
"1130",1130,748.552593220604
"1131",1131,427.517151171438
"1132",1132,3173.45534158378
"1133",1133,3327.60086822359
"1134",1134,2543.89924173573
"1135",1135,5426.50768194279
"1136",1136,3796.82929149857
"1137",1137,2859.29324279498
"1138",1138,7284.73646789804
"1139",1139,4454.90891595638
"1140",1140,0
"1141",1141,0
"1142",1142,0
"1143",1143,0
"1144",1144,0
"1145",1145,868.022262143464
"1146",1146,3043.4265088195
"1147",1147,1418.21982323599
"1148",1148,5408.80977900714
"1149",1149,6300.03175999969
"1150",1150,4800.39602835527
"1151",1151,765.728020021704
"1152",1152,855.71895816597
"1153",1153,1876.54723814936
"1154",1154,2262.76381879296
"1155",1155,4327.86575080281
"1156",1156,8296.08460925121
"1157",1157,5912.15714152721
"1158",1158,17070.9348373866
"1159",1159,0
"1160",1160,0
"1161",1161,0
"1162",1162,0.603237232068642
"1163",1163,11.9684919210812
"1164",1164,9.66488101856337
"1165",1165,4262.61854155226
"1166",1166,4270.3442444884
"1167",1167,0
"1168",1168,0
"1169",1169,0
"1170",1170,0
"1171",1171,770.515559434794
"1172",1172,3397.63416573434
"1173",1173,12517.2155894476
"1174",1174,0
"1175",1175,0
"1176",1176,581.825315567753
"1177",1177,1590.73465694942
"1178",1178,1158.1318181558
"1179",1179,0
"1180",1180,413.271992476054
"1181",1181,2157.38977799997
"1182",1182,1084.52830227541
"1183",1183,3008.78343558947
"1184",1184,1684.29808047278
"1185",1185,1368.67881989324
"1186",1186,843.556912462884
"1187",1187,2941.68589512999
"1188",1188,2047.36319301245
"1189",1189,412.647417635402
"1190",1190,13.5060944692707
"1191",1191,0
"1192",1192,5.23784262988079e-11
"1193",1193,0.235110730493494
"1194",1194,0
"1195",1195,13.1320623272907
"1196",1196,16.5918324644276
"1197",1197,4.68276656462761
"1198",1198,454.095566138179
"1199",1199,3332.91609739997
"1200",1200,5060.42848757519
"1201",1201,3355.78715976002
"1202",1202,2258.17151067102
"1203",1203,2189.76807586405
"1204",1204,2362.67810458674
"1205",1205,2720.45344471415
"1206",1206,1361.63212952679
"1207",1207,1215.67419386876
"1208",1208,3807.51379071766
"1209",1209,1844.53113158985
"1210",1210,540.420938304487
"1211",1211,3843.22023496795
"1212",1212,0
"1213",1213,0
"1214",1214,0
"1215",1215,14.3102362627182
"1216",1216,36.2865216561171
"1217",1217,14.7961005233817
"1218",1218,0.318162322825175
"1219",1219,0
"1220",1220,0
"1221",1221,0
"1222",1222,0
"1223",1223,0
"1224",1224,0
"1225",1225,0
"1226",1226,0
"1227",1227,0
"1228",1228,0
"1229",1229,0
"1230",1230,0
"1231",1231,34.2046310693114
"1232",1232,28.5377776986657
"1233",1233,22.6787276020086
"1234",1234,224.012006951704
"1235",1235,545.88470529535
"1236",1236,818.663298974193
"1237",1237,478.395951232105
"1238",1238,0
"1239",1239,0
"1240",1240,0
"1241",1241,0
"1242",1242,0
"1243",1243,0
"1244",1244,0
"1245",1245,0
"1246",1246,22.8393004888984
"1247",1247,19.1017015785175
"1248",1248,17.7143050085167
"1249",1249,203.815610988733
"1250",1250,496.791310036106
"1251",1251,477.229687642648
"1252",1252,376.620034551471
"1253",1253,1105.17096568815
"1254",1254,797.299353329355
"1255",1255,0
"1256",1256,0
"1257",1257,0
"1258",1258,0
"1259",1259,0
"1260",1260,0
"1261",1261,0
"1262",1262,0
"1263",1263,16.9900783790698
"1264",1264,12.7013445627764
"1265",1265,0
"1266",1266,0
"1267",1267,0
"1268",1268,13.0053262947526
"1269",1269,11.7516610913237
"1270",1270,0
"1271",1271,0
"1272",1272,0
"1273",1273,775.041139735081
"1274",1274,1760.71276732477
"1275",1275,1822.69181430094
"1276",1276,1004.38710939522
"1277",1277,0
"1278",1278,0
"1279",1279,0
"1280",1280,3.55547832512044
"1281",1281,5.04656186562197
"1282",1282,0
"1283",1283,0
"1284",1284,0
"1285",1285,0
"1286",1286,784.152141554782
"1287",1287,1331.82220257045
"1288",1288,2553.04362950169
"1289",1289,2516.64124801997
"1290",1290,0
"1291",1291,0
"1292",1292,285.702933263569
"1293",1293,337.200104675425
"1294",1294,0
"1295",1295,0
"1296",1296,0
"1297",1297,0
"1298",1298,0
"1299",1299,0
"1300",1300,0
"1301",1301,1060.72168916659
"1302",1302,13511.0506293622
"1303",1303,0
"1304",1304,0
"1305",1305,674.445443239532
"1306",1306,679.383225152249
"1307",1307,0
"1308",1308,0
"1309",1309,0
"1310",1310,0
"1311",1311,0
"1312",1312,7211.71778364572
"1313",1313,13031.7337022787
"1314",1314,0
"1315",1315,0
"1316",1316,658.955558811153
"1317",1317,1533.48280392059
"1318",1318,850.797178066581
"1319",1319,796.568229744088
"1320",1320,0
"1321",1321,1082.38538535199
"1322",1322,8992.27345835174
"1323",1323,20543.2219025698
"1324",1324,12720.7920022857
"1325",1325,19903.0393232611
"1326",1326,7781.05356845679
"1327",1327,20507.3440300389
"1328",1328,10071.6460763217
"1329",1329,1551.0070157654
"1330",1330,1599.28705457864
"1331",1331,728.877792665555
"1332",1332,788.728843183581
"1333",1333,10795.8064312674
"1334",1334,9833.67505890369
"1335",1335,0
"1336",1336,0
"1337",1337,0
"1338",1338,0
"1339",1339,0
"1340",1340,0
"1341",1341,0
"1342",1342,972.955995914295
"1343",1343,1005.26421429065
"1344",1344,1386.34815157491
"1345",1345,2273.99917248347
"1346",1346,0
"1347",1347,0
"1348",1348,0
"1349",1349,0
"1350",1350,0
"1351",1351,0
"1352",1352,23.9338561354943
"1353",1353,23.9188879611182
"1354",1354,0
"1355",1355,0
"1356",1356,0
"1357",1357,0
"1358",1358,0
"1359",1359,0
"1360",1360,0
"1361",1361,0
"1362",1362,0
"1363",1363,0
"1364",1364,0
"1365",1365,0
"1366",1366,0
"1367",1367,0
"1368",1368,0
"1369",1369,0
"1370",1370,0
"1371",1371,0
"1372",1372,0
"1373",1373,0
"1374",1374,0
"1375",1375,0
"1376",1376,0
"1377",1377,0
"1378",1378,0
"1379",1379,0
"1380",1380,0
"1381",1381,0
"1382",1382,0
"1383",1383,0
"1384",1384,0
"1385",1385,0
"1386",1386,0
"1387",1387,0
"1388",1388,0
"1389",1389,0
"1390",1390,0
"1391",1391,0
"1392",1392,0
