"","Element ID","/Layer_2/Subsidence_Outflow (-)(AF/year)"
"1",1,0.165005845772671
"2",2,0.254681478591468
"3",3,0.813916636772427
"4",4,0.279599492360345
"5",5,0.30492150680399
"6",6,0.451815027599979
"7",7,0.564558303873662
"8",8,0.607100400287817
"9",9,0.707227789146622
"10",10,1.39522647371754
"11",11,0.161280025339416
"12",12,0.470104637816537
"13",13,0.447258437926566
"14",14,0.381799311736693
"15",15,1.04611692122036
"16",16,1.23347899308419
"17",17,0.641524734310645
"18",18,0.412488042268791
"19",19,0.803582286149108
"20",20,1.42749574401444
"21",21,0.858501198826613
"22",22,0.328640769222551
"23",23,0.74806376177591
"24",24,0.217372934454152
"25",25,0.498198586375609
"26",26,0.517519247387472
"27",27,1.93094297893501
"28",28,1.34906119904289
"29",29,0.976325337467408
"30",30,0.484635001432372
"31",31,0.628247174416092
"32",32,0.624787551456332
"33",33,0.610860528288818
"34",34,0.809749851055947
"35",35,1.39555397059177
"36",36,1.06688813849463
"37",37,0.396856781479211
"38",38,0.375657307140772
"39",39,0.575298753914179
"40",40,0.846292144060159
"41",41,0.606332593750111
"42",42,1.0948416649413
"43",43,1.3751325218104
"44",44,0.510195428695019
"45",45,0.294899041348932
"46",46,0.546247118033684
"47",47,0.196181212464582
"48",48,0.327031670188096
"49",49,0.233723375837355
"50",50,0.191291227098061
"51",51,0.227447567719306
"52",52,0.816783439637504
"53",53,1.02337298202715
"54",54,0.484023302672694
"55",55,0.100621595273584
"56",56,0.110123359346055
"57",57,0.101390867650154
"58",58,0.210637205509037
"59",59,0.461447706725599
"60",60,0.955592228502323
"61",61,1.02993337051852
"62",62,2.2954460959625
"63",63,2.20306220472415
"64",64,1.61600715937799
"65",65,0.674684276530234
"66",66,0.885374151500853
"67",67,1.12648606497175
"68",68,2.33953913617707
"69",69,1.77953809884611
"70",70,3.10790480677965
"71",71,1.45680116001983
"72",72,0.386107417884018
"73",73,0.82691396855827
"74",74,1.37715568869466
"75",75,1.49210275812049
"76",76,1.85995359719826
"77",77,1.4033146636382
"78",78,0.624539637683195
"79",79,0.542545545536344
"80",80,1.46072666108433
"81",81,2.93098686133477
"82",82,3.71205117067595
"83",83,3.41694832684545
"84",84,1.89043400353761
"85",85,1.77166056543479
"86",86,0.402244140994298
"87",87,0.213567249347473
"88",88,0.729114143507471
"89",89,2.03407937242549
"90",90,2.45552990876459
"91",91,1.12867472937757
"92",92,0.431593395810276
"93",93,0.725639207300577
"94",94,1.76796981237823
"95",95,1.71240897280654
"96",96,1.36637127429557
"97",97,0.991619806122674
"98",98,1.47140886902527
"99",99,0.257835209749916
"100",100,0.715727690577889
"101",101,1.14122231786326
"102",102,1.37950830237492
"103",103,2.93812350648477
"104",104,3.22681946592351
"105",105,1.29323359904434
"106",106,0.468059243572232
"107",107,0.749274858482231
"108",108,1.19779121131564
"109",109,1.99516065861072
"110",110,4.54387376880893
"111",111,1.92488037377433
"112",112,2.5820137735598
"113",113,3.0927770788292
"114",114,4.80295015750594
"115",115,1.72376488909795
"116",116,3.03506064780396
"117",117,3.09802519233803
"118",118,2.06633707062159
"119",119,1.70343081877648
"120",120,1.74348742583346
"121",121,0.417751192681502
"122",122,0.359913651272165
"123",123,0.675599635037791
"124",124,1.47412195005995
"125",125,2.38057668577447
"126",126,1.94873780275514
"127",127,1.44964378328997
"128",128,1.3062432268358
"129",129,0.683303175821555
"130",130,1.52065170242164
"131",131,1.80864772822022
"132",132,1.4797093170183
"133",133,1.28445510231402
"134",134,1.8539039815747
"135",135,2.05594041444041
"136",136,1.06953529181021
"137",137,0.301000938520085
"138",138,0.149721724697421
"139",139,0.243088050810465
"140",140,1.82743002431359
"141",141,2.87315221437781
"142",142,2.75031288393931
"143",143,2.19822511075667
"144",144,0.840553420883155
"145",145,0.713455307008567
"146",146,1.49051349908072
"147",147,1.75210603015188
"148",148,0.780359765278849
"149",149,0.97322941483307
"150",150,0.290913775122695
"151",151,0.0977796337424594
"152",152,0.428409832709453
"153",153,0.286086437159969
"154",154,0.270987685179905
"155",155,0.205337155842553
"156",156,2.49516487465837
"157",157,0.539853797752057
"158",158,1.40816637938265
"159",159,1.39725106115676
"160",160,1.34673782784296
"161",161,0.857200819889204
"162",162,0.444274004686042
"163",163,0.468026773090965
"164",164,0.617637733121654
"165",165,0.507089143481857
"166",166,0.320056741386435
"167",167,0.668270360741549
"168",168,1.94613691606579
"169",169,2.32992229943591
"170",170,0.49833568662615
"171",171,0.737373910114242
"172",172,1.37261155358845
"173",173,1.72876129296993
"174",174,1.1649095946708
"175",175,0.963026970845202
"176",176,0.712987368798016
"177",177,0.689124153658713
"178",178,0.955518024749418
"179",179,0.935436876584528
"180",180,0.115196258161809
"181",181,0.818849354608007
"182",182,1.35127549340517
"183",183,0.783230899543863
"184",184,0.58717877374355
"185",185,0.410029328778763
"186",186,0.991560596997792
"187",187,1.04678268367512
"188",188,1.68318212370279
"189",189,0.659084545767513
"190",190,0.650361952070695
"191",191,1.07382335851267
"192",192,0.742953058095683
"193",193,0.610308920476213
"194",194,1.00408928116515
"195",195,1.2238063375848
"196",196,0.769942762874432
"197",197,0.246830897164466
"198",198,0.265902960102214
"199",199,0.364433006548652
"200",200,0.427254450272456
"201",201,1.15877817468965
"202",202,0.161841848637421
"203",203,0.281471679921448
"204",204,0.359113108559344
"205",205,0.648300004466099
"206",206,0.95225547686702
"207",207,1.06938349962278
"208",208,0.993188324200718
"209",209,0.664231200698318
"210",210,0.559226624262015
"211",211,0.284077001221657
"212",212,0.211327518435645
"213",213,0.400537259549887
"214",214,0.421272792520831
"215",215,0.830446776917607
"216",216,1.14306788870762
"217",217,0.157938235627654
"218",218,0.350166247409624
"219",219,0.38186509499536
"220",220,0.217995938383572
"221",221,0.4821169660729
"222",222,0.56069148988816
"223",223,0.892349294405437
"224",224,1.8089435977513
"225",225,0.870577875295825
"226",226,0.674608066914923
"227",227,0.475545047524735
"228",228,0.703269824495969
"229",229,0.615012865470424
"230",230,1.0508393072038
"231",231,1.10937085707981
"232",232,0.634426492796847
"233",233,0.452823475474479
"234",234,0.636329573323183
"235",235,0.440613517602136
"236",236,0.674690192863174
"237",237,2.92735621119494
"238",238,2.31654114183605
"239",239,0.209825417441851
"240",240,0.557786699964096
"241",241,0.735631098490776
"242",242,0.441816605621609
"243",243,0.751828093929365
"244",244,0.893277239263831
"245",245,2.226165926102
"246",246,1.58188676304935
"247",247,2.8585204385487
"248",248,0.364596262405908
"249",249,0.788463491582476
"250",250,0.898220964283577
"251",251,1.46848862099511
"252",252,0.682598921075398
"253",253,0.415445610156155
"254",254,0.580636065247627
"255",255,0.649970614964624
"256",256,1.75670877239583
"257",257,1.21838480492756
"258",258,0.962802604558546
"259",259,2.62600136532046
"260",260,2.64405413924129
"261",261,0.31674038807937
"262",262,1.90245518099604
"263",263,2.56906630324365
"264",264,0.833959496544387
"265",265,0.805041976873811
"266",266,2.20871929125767
"267",267,3.36606738268372
"268",268,1.33740383558575
"269",269,0.589589795836776
"270",270,0.571615662724772
"271",271,1.422991918857
"272",272,0.57265597861762
"273",273,0.22827440837036
"274",274,1.47424690021578
"275",275,3.12197337265324
"276",276,1.51484061666818
"277",277,0.865433418161268
"278",278,1.17893501665759
"279",279,1.19510523982719
"280",280,1.20347204332857
"281",281,1.10797932855625
"282",282,1.04570904903186
"283",283,0.659623495418992
"284",284,0.120386861844185
"285",285,0.792214420008848
"286",286,1.33241039165155
"287",287,1.93951970210471
"288",288,1.43800085518847
"289",289,3.98102774599638
"290",290,2.19004718079219
"291",291,3.28475197943673
"292",292,1.39630044062148
"293",293,1.21828989636762
"294",294,1.04365767050769
"295",295,1.51846161124882
"296",296,0.807152966923957
"297",297,0.067050934148824
"298",298,0.456556212817064
"299",299,1.99689807694374
"300",300,3.07795669544045
"301",301,7.38054133506397
"302",302,5.59286940732334
"303",303,2.12727125120711
"304",304,0.963589582346422
"305",305,1.89425684830097
"306",306,2.10434469755356
"307",307,1.07130381456703
"308",308,0.162429109134271
"309",309,1.10571069652506
"310",310,1.85584306227436
"311",311,2.36340277286859
"312",312,2.07198121238844
"313",313,3.93631770337541
"314",314,3.28058376110582
"315",315,4.98846744415385
"316",316,2.92889344052693
"317",317,2.46836035406058
"318",318,2.15818639562705
"319",319,1.45691521772002
"320",320,0.309855283868191
"321",321,0.134166422460631
"322",322,3.0351864545427
"323",323,3.44139673486633
"324",324,1.20021644016159
"325",325,4.07419841473598
"326",326,1.77140317105841
"327",327,2.16737280836536
"328",328,3.4259591371939
"329",329,1.85711230133431
"330",330,1.87676748171615
"331",331,1.18134135251998
"332",332,2.33489439492351
"333",333,1.63873534791331
"334",334,0.485431284638969
"335",335,0.422999902094512
"336",336,2.91042774800479
"337",337,1.31830857834841
"338",338,4.10042980565895
"339",339,5.69343243704461
"340",340,3.4326389252537
"341",341,2.02724112041589
"342",342,2.39866619312156
"343",343,1.8441061564373
"344",344,0.736654660155163
"345",345,1.40768394833736
"346",346,0.560728759009849
"347",347,0.4015933434769
"348",348,1.80548403447888
"349",349,5.12723699680811
"350",350,4.10753972438477
"351",351,2.24271987206003
"352",352,1.6028171088414
"353",353,0.711772447324427
"354",354,3.46320572690597
"355",355,2.78108362807821
"356",356,2.68668667028776
"357",357,3.21902574857359
"358",358,1.72849467676002
"359",359,1.45277805135462
"360",360,2.28080966808413
"361",361,1.41529537797928
"362",362,1.43187892715108
"363",363,0.612546708487972
"364",364,0.836209045121327
"365",365,0.976404351563134
"366",366,0.999747908907057
"367",367,0.422517525340099
"368",368,0.30818340156117
"369",369,0.678745521258056
"370",370,1.27250324388461
"371",371,0.600596684069086
"372",372,0.497240352132269
"373",373,0.297531977360948
"374",374,0.466269594241858
"375",375,2.52709940621311
"376",376,1.11662381248165
"377",377,0.955940608103174
"378",378,1.65156179721091
"379",379,1.06424365082489
"380",380,0.987898385568611
"381",381,1.30965133169976
"382",382,1.16703069330715
"383",383,0.632175392218754
"384",384,1.28336259607176
"385",385,0.709448742695667
"386",386,0.114707457380034
"387",387,0.099846917438294
"388",388,1.0873454028201
"389",389,1.17617575686204
"390",390,0.332871802092149
"391",391,0.318419467522362
"392",392,1.268053742951
"393",393,0.649617029180774
"394",394,1.82717923479964
"395",395,0.344469049687155
"396",396,0.640970459577561
"397",397,0.573608989406923
"398",398,0.487374525684022
"399",399,0.405396826577554
"400",400,0.567594706496809
"401",401,0.263811480974759
"402",402,3.21139577954565
"403",403,3.03261841023816
"404",404,2.74301620208559
"405",405,2.94791914429559
"406",406,3.38834050429853
"407",407,3.50676684157032
"408",408,1.82977295814272
"409",409,2.50834000826612
"410",410,2.46701759835945
"411",411,2.81639244494508
"412",412,4.33690098877626
"413",413,4.17182200602364
"414",414,2.72116725085682
"415",415,3.16436248510781
"416",416,2.99567370083667
"417",417,2.60472104240908
"418",418,2.46837655886948
"419",419,1.48309660662102
"420",420,0.354646276605835
"421",421,0.528889415515769
"422",422,0.204680763461405
"423",423,0.839381732343707
"424",424,0.795797521581578
"425",425,2.97827165030844
"426",426,4.56150793978242
"427",427,5.6638751068941
"428",428,4.19536819143823
"429",429,2.04043661890359
"430",430,1.69052729296285
"431",431,1.42575486021332
"432",432,0.902495113112732
"433",433,1.47210579816177
"434",434,1.70792272803302
"435",435,0.9384227029401
"436",436,0.755692646782607
"437",437,0.434044459849801
"438",438,0.176695365139728
"439",439,0.0338945851521006
"440",440,1.64317781532888
"441",441,2.88745131116665
"442",442,4.37505226162528
"443",443,4.8935977254569
"444",444,1.26469833052746
"445",445,1.19451602774111
"446",446,0.569981891921991
"447",447,1.20668332107275
"448",448,0.486975966769916
"449",449,0.81848593581812
"450",450,1.00639225169195
"451",451,0.669623225690232
"452",452,2.11052597150443
"453",453,1.50530992624394
"454",454,0.338777983988848
"455",455,0.491501838823224
"456",456,1.11393621833958
"457",457,0.369620979633694
"458",458,0.0405126697693788
"459",459,0.262204460928592
"460",460,0.165585362277552
"461",461,0.101363185225171
"462",462,1.82696231005425
"463",463,3.26861528794356
"464",464,3.90746500738132
"465",465,1.94581040138566
"466",466,1.89831911061641
"467",467,1.63383658554308
"468",468,0.760400614756735
"469",469,0.637106790653913
"470",470,0.842870210097881
"471",471,0.997339972765043
"472",472,2.69993899030018
"473",473,1.84583009839005
"474",474,1.48439436159478
"475",475,1.05403350657566
"476",476,0.868033395225004
"477",477,0.499331148383003
"478",478,0.0747512943446894
"479",479,0.14724612390885
"480",480,1.55011058138015
"481",481,1.4844509566567
"482",482,1.49430422957729
"483",483,3.42961974779673
"484",484,4.23129606080717
"485",485,2.07115162174129
"486",486,0.505909080151344
"487",487,0.160668941103519
"488",488,0.297800689181012
"489",489,0.752093357937481
"490",490,0.298425031856149
"491",491,0.272553096364383
"492",492,0.696218236067931
"493",493,1.64887990154385
"494",494,2.51444326517141
"495",495,0.78047699869179
"496",496,1.5560793132771
"497",497,2.45385051993048
"498",498,1.38867560562796
"499",499,2.43077307853938
"500",500,1.12417543781605
"501",501,2.36074364135537
"502",502,1.69955265893858
"503",503,0.435675031266197
"504",504,0.303256494631055
"505",505,0.133865524844532
"506",506,1.0873743542284
"507",507,0.37398887890922
"508",508,0.724735781464339
"509",509,1.95509478374829
"510",510,1.95601147302022
"511",511,2.48708765119442
"512",512,2.62296723684603
"513",513,2.37727558925544
"514",514,3.69744551186867
"515",515,3.06282359770842
"516",516,1.71249134280625
"517",517,0.682376408125303
"518",518,0.237501650131065
"519",519,0.0342782883751527
"520",520,2.07516704340887
"521",521,3.75050768636858
"522",522,5.01409965167787
"523",523,6.50389844056022
"524",524,3.95966782819821
"525",525,3.73172241513495
"526",526,1.74700448409199
"527",527,0.492225976640784
"528",528,0.281077460658293
"529",529,0.146140796705043
"530",530,0.467079906302284
"531",531,0.158938132280286
"532",532,0.0212670025606688
"533",533,0.710305993851454
"534",534,1.36450743058133
"535",535,1.54690266409334
"536",536,1.9013663841949
"537",537,0.771941536329372
"538",538,0.39602944066501
"539",539,0.203782115851263
"540",540,0.921337699878915
"541",541,0.352747416954119
"542",542,0.181504000637638
"543",543,3.10821446768322
"544",544,9.68410323392506
"545",545,9.7480348230629
"546",546,20.8930376909864
"547",547,18.3873198702655
"548",548,12.4706305970007
"549",549,7.64799462881699
"550",550,2.02996889682104
"551",551,0.186716469945259
"552",552,0.708654983154212
"553",553,1.03427114724871
"554",554,0.942989294580377
"555",555,0.435622917179209
"556",556,0.329305362553019
"557",557,0.8286342173661
"558",558,0.936934364244307
"559",559,1.72003988843526
"560",560,4.1215701690196
"561",561,4.29463325573955
"562",562,4.554296092209
"563",563,5.24981399829173
"564",564,12.5414332518421
"565",565,19.8085894298072
"566",566,13.4740520515664
"567",567,5.94508012205404
"568",568,0.311199977064463
"569",569,0.229125340551109
"570",570,0.307979520397762
"571",571,0.243334040557045
"572",572,1.03957992222736
"573",573,1.69546485923325
"574",574,0.65527686518286
"575",575,0.910780772464982
"576",576,1.4208122548016
"577",577,1.67781337585138
"578",578,1.2319468496121
"579",579,2.30835655815775
"580",580,10.5040173827755
"581",581,7.11164945263304
"582",582,6.86169781918398
"583",583,19.7373350783974
"584",584,31.5495215503341
"585",585,27.2259095543333
"586",586,12.2649099442117
"587",587,0.6339897216073
"588",588,2.8289526680038
"589",589,5.99618806296568
"590",590,11.0526892036505
"591",591,4.80006654235614
"592",592,7.15524202809188
"593",593,7.77633515085929
"594",594,22.0280077267927
"595",595,26.8796188813017
"596",596,16.4380808854307
"597",597,2.90218779022118
"598",598,0.660152611886357
"599",599,9.24839092068579
"600",600,8.01626313484755
"601",601,2.7084872446878
"602",602,0.477034205322015
"603",603,0.0230865215002372
"604",604,2.08337056851667
"605",605,2.2465820147911
"606",606,9.77145834247509
"607",607,12.2650648675842
"608",608,4.8415994442009
"609",609,4.11076940716088
"610",610,5.80614487045417
"611",611,4.43634839722451
"612",612,1.78265687150439
"613",613,1.72549894271963
"614",614,2.08320293120656
"615",615,1.23370772117274
"616",616,0.18301365463984
"617",617,0.118379455787621
"618",618,3.94456001388192
"619",619,7.80904984696103
"620",620,5.52536338950434
"621",621,7.8851605839261
"622",622,4.34099271968601
"623",623,3.27798038739433
"624",624,4.63109185469986
"625",625,8.71495646979715
"626",626,5.39900045856345
"627",627,1.20639550504656
"628",628,1.867277632959
"629",629,1.07581475369846
"630",630,1.65415778198186
"631",631,1.30277770531247
"632",632,0.464172408675549
"633",633,0.210541848739626
"634",634,6.32984807204299
"635",635,7.53020135027692
"636",636,6.9021202609061
"637",637,4.83091741185265
"638",638,1.78665254876157
"639",639,0.81341076512222
"640",640,1.50878049394323
"641",641,1.17790236272021
"642",642,0.571443005240153
"643",643,0.228999839557451
"644",644,3.53182951378119
"645",645,4.75441326547203
"646",646,5.05860368545467
"647",647,5.05170333238641
"648",648,9.60889513912774
"649",649,4.5192336037745
"650",650,5.46103920525824
"651",651,0.453985983256459
"652",652,1.52943608925832
"653",653,1.05076877449458
"654",654,0.563148135687731
"655",655,0.252656431060448
"656",656,7.02315814820177
"657",657,5.70313006035629
"658",658,3.43135309363476
"659",659,1.28707333417357
"660",660,2.78843489596454
"661",661,3.77237006423734
"662",662,8.86965767209849
"663",663,11.0595887491065
"664",664,6.85264942059101
"665",665,9.35065779257139
"666",666,19.5369704118599
"667",667,18.7972423929324
"668",668,6.36240772981809
"669",669,1.725132626026
"670",670,2.99916512537422
"671",671,3.58557945581072
"672",672,5.17944343356046
"673",673,5.17119173192554
"674",674,5.35508170670841
"675",675,16.4171993365523
"676",676,28.8343067232837
"677",677,27.7362457057895
"678",678,11.3663326583513
"679",679,1.77563834942311
"680",680,3.61541776382257
"681",681,2.43527894539382
"682",682,3.83417006037935
"683",683,1.16541748288922
"684",684,2.02037571901091
"685",685,3.20917771970069
"686",686,5.33089365841392
"687",687,19.9184680370022
"688",688,29.3966117998791
"689",689,24.9797683096276
"690",690,14.4406719160636
"691",691,2.64132724429168
"692",692,3.58203900054171
"693",693,2.34645987927628
"694",694,1.05330209414418
"695",695,1.72987145255648
"696",696,3.7015846205697
"697",697,11.1712712857819
"698",698,19.8300477182407
"699",699,18.7824154452347
"700",700,14.3627220086813
"701",701,3.10634401337659
"702",702,0.829255539609229
"703",703,0.661264531169456
"704",704,0.341374990561694
"705",705,0.570779805825797
"706",706,2.08111564261492
"707",707,6.60190977754147
"708",708,7.01838916749652
"709",709,7.55367124287713
"710",710,2.26995968856766
"711",711,7.23193588061178
"712",712,2.11767810156991
"713",713,0.303897882955489
"714",714,0.247175374335043
"715",715,0.234694772603577
"716",716,0.361388577135773
"717",717,0.576442936074468
"718",718,0.867501306440585
"719",719,1.1682928101302
"720",720,1.2891344601259
"721",721,1.18503295875697
"722",722,0.389394706165723
"723",723,2.74999779322994
"724",724,1.3225258240255
"725",725,0.48731626095242
"726",726,0.109344227675007
"727",727,0.42651199395065
"728",728,0.907605805028
"729",729,2.00210413056317
"730",730,1.65159142429546
"731",731,1.19853583894893
"732",732,0.951054484805828
"733",733,2.04594660366146
"734",734,1.03181333544309
"735",735,1.02677049294409
"736",736,0.693496253604233
"737",737,0.227120488433096
"738",738,2.01865194762418
"739",739,2.7093241231606
"740",740,1.86577326004438
"741",741,1.03345708826196
"742",742,2.26828787976071
"743",743,4.54028335361653
"744",744,9.47905326439574
"745",745,8.38485224889663
"746",746,3.94216742744745
"747",747,3.46724514724688
"748",748,2.63366690281485
"749",749,1.91435185515095
"750",750,0.978595612050252
"751",751,0.665649140437341
"752",752,0.599632012281004
"753",753,0.85050105363817
"754",754,3.41595000608939
"755",755,6.65643012662298
"756",756,13.4203609899067
"757",757,21.483705375036
"758",758,18.1904976912726
"759",759,4.23424599603613
"760",760,3.23129165900781
"761",761,1.95036820898998
"762",762,3.82058569124493
"763",763,4.76815580240428
"764",764,3.04418916521497
"765",765,14.6321992454544
"766",766,5.85250249789762
"767",767,10.2910296049718
"768",768,4.30200513699179
"769",769,5.52201631152328
"770",770,1.34995413038281
"771",771,1.41099226322195
"772",772,3.37463599666366
"773",773,2.10888315600792
"774",774,1.69106944114195
"775",775,1.44421410895465
"776",776,0.986037730145774
"777",777,4.07454819020814
"778",778,3.38343434294453
"779",779,1.37913113078419
"780",780,1.36138012809995
"781",781,8.6370462216618
"782",782,6.30487191360254
"783",783,10.3039305256892
"784",784,7.3728278665585
"785",785,9.27547775005486
"786",786,7.81488015349676
"787",787,3.20759298249144
"788",788,1.41544516699798
"789",789,1.88296563342248
"790",790,4.00619576678326
"791",791,2.31239878795079
"792",792,5.97187813989173
"793",793,7.34536185174236
"794",794,2.22200656572811
"795",795,6.14484096523052
"796",796,10.1803515512079
"797",797,5.42612941016653
"798",798,4.80365028034708
"799",799,4.08507500020018
"800",800,2.22123595210657
"801",801,2.63085444735653
"802",802,13.934115810338
"803",803,3.72687987040568
"804",804,3.16316066569854
"805",805,5.20381631078699
"806",806,9.03409774028364
"807",807,11.2012659976291
"808",808,5.47964088973633
"809",809,15.3818761891738
"810",810,18.6392399990334
"811",811,15.8796155435583
"812",812,14.5948568134146
"813",813,13.9721301186004
"814",814,6.35179798533376
"815",815,3.52900995923992
"816",816,4.0815030382361
"817",817,6.22139619977147
"818",818,14.9336226686724
"819",819,4.98450577251199
"820",820,3.98026532700138
"821",821,4.67321308864356
"822",822,7.97822571735589
"823",823,12.1488687986286
"824",824,5.52926133280587
"825",825,8.67052477392129
"826",826,7.1108064519202
"827",827,8.08116811304386
"828",828,19.1670765014767
"829",829,17.283176675442
"830",830,7.56176314707665
"831",831,3.87589427105433
"832",832,3.80020658914201
"833",833,9.05600965432544
"834",834,13.8886668356789
"835",835,15.7962812066809
"836",836,8.60223368829043
"837",837,6.88604222314791
"838",838,7.09518299619205
"839",839,5.79237202522512
"840",840,0.184117843274927
"841",841,8.08057085981247
"842",842,39.9061869823036
"843",843,16.7554666422791
"844",844,7.37788576533429
"845",845,2.64023208863896
"846",846,10.8197952225671
"847",847,2.7777301566715
"848",848,5.83234973387493
"849",849,2.33059460159795
"850",850,3.0354806251989
"851",851,4.20186676729394
"852",852,8.91521421331125
"853",853,11.2077887101724
"854",854,8.37615088075933
"855",855,4.80220169118696
"856",856,6.04866479839085
"857",857,2.28819610975714
"858",858,23.7813115358354
"859",859,34.2364554737299
"860",860,16.2423048091744
"861",861,18.4628472482582
"862",862,25.1932316960977
"863",863,32.6786188606812
"864",864,3.85299200283929
"865",865,17.4411298674621
"866",866,38.4628503345768
"867",867,37.8775023392599
"868",868,13.7623309041249
"869",869,9.23542030348976
"870",870,1.81844594715155
"871",871,3.39279442283358
"872",872,5.2417251471954
"873",873,3.86025446132859
"874",874,6.66052039971085
"875",875,1.7728771625269
"876",876,5.74385831929168
"877",877,3.26422100071014
"878",878,4.43409199324318
"879",879,1.46008320593735
"880",880,1.75835997858698
"881",881,42.3013644584247
"882",882,58.5927072604075
"883",883,51.6668106836767
"884",884,25.7326192149839
"885",885,9.65933794957637
"886",886,5.58534224845479
"887",887,1.09609472084695
"888",888,1.93816044369538
"889",889,1.63317659612735
"890",890,1.59756288084165
"891",891,1.4246056267512
"892",892,1.44356737063482
"893",893,1.75180538025654
"894",894,0.470280753702757
"895",895,0.412719618657366
"896",896,43.2379108208237
"897",897,59.8776097622865
"898",898,48.890021369666
"899",899,31.0441386798434
"900",900,11.4679100093913
"901",901,2.66094744492691
"902",902,35.3137978068248
"903",903,50.6360942661088
"904",904,41.7493358080708
"905",905,27.4266119365363
"906",906,10.8095806549451
"907",907,2.55194881691403
"908",908,2.07843354287266
"909",909,1.46333279238761
"910",910,0.783749714685332
"911",911,0.848644484619533
"912",912,2.14633489299147
"913",913,2.42536147571181
"914",914,2.01535165442275
"915",915,0.380106992915094
"916",916,0.0631207939196575
"917",917,25.442704059777
"918",918,46.7049374974156
"919",919,47.0586300863439
"920",920,34.9572881325272
"921",921,16.4485681184885
"922",922,3.415272003065
"923",923,2.26128705804824
"924",924,1.46797490935485
"925",925,1.1964771577801
"926",926,1.27572096035182
"927",927,0.563403605456182
"928",928,4.31903840428154
"929",929,4.16032674856366
"930",930,2.54643075237943
"931",931,0.318947441189535
"932",932,0.201630652804709
"933",933,0.0726577277180534
"934",934,19.0000829998498
"935",935,41.7285901551353
"936",936,54.8769335367368
"937",937,46.6682369846425
"938",938,14.6932733357652
"939",939,7.60206429972779
"940",940,2.36213413674126
"941",941,1.60722771458886
"942",942,0.749819562060027
"943",943,29.5468260576305
"944",944,40.2210057709591
"945",945,47.6191108007859
"946",946,48.0019864658662
"947",947,11.5749676292117
"948",948,8.62320900294415
"949",949,2.35696223441432
"950",950,37.771757361883
"951",951,53.244074686989
"952",952,47.207157871257
"953",953,47.0303428339283
"954",954,11.3671968978278
"955",955,4.90174525042955
"956",956,1.85792014452669
"957",957,1.60398307391026
"958",958,51.3890129436431
"959",959,68.9790385680455
"960",960,60.8304058845913
"961",961,56.1839162541119
"962",962,23.3150457194684
"963",963,3.23297432245071
"964",964,1.0518989463243
"965",965,1.26261544857
"966",966,1.29220214605215
"967",967,4.0824338199215
"968",968,2.86516677602802
"969",969,1.41708044299029
"970",970,0.506559757466652
"971",971,0.378221967469332
"972",972,0.178661954654626
"973",973,46.3402237498579
"974",974,70.5398542987046
"975",975,68.4405445778156
"976",976,54.0273975879765
"977",977,23.8147135196561
"978",978,4.06863450253664
"979",979,1.18278789344866
"980",980,0.587148927379114
"981",981,0.717700350056038
"982",982,2.69802050907123
"983",983,4.98532269927999
"984",984,2.45074389110142
"985",985,0.603610767981539
"986",986,1.81454515948447
"987",987,0.360533396864292
"988",988,0.477999803175484
"989",989,0.235664293557103
"990",990,0.465905771423165
"991",991,45.5539922843006
"992",992,85.8334658247955
"993",993,105.581143579781
"994",994,75.8955547666622
"995",995,18.0101479396871
"996",996,4.81171487173723
"997",997,1.51948804856682
"998",998,0.918204478087774
"999",999,1.05592799777944
"1000",1000,5.1424738449846
"1001",1001,9.07175708720945
"1002",1002,3.75401563053457
"1003",1003,14.215955761107
"1004",1004,20.3682160925361
"1005",1005,35.3854685308989
"1006",1006,26.9171966896038
"1007",1007,61.704374202743
"1008",1008,78.7945908928838
"1009",1009,101.907358414602
"1010",1010,88.0286153649067
"1011",1011,25.3596341753845
"1012",1012,5.80377586069506
"1013",1013,4.71098783596173
"1014",1014,0.873969394326822
"1015",1015,1.96256370116985
"1016",1016,3.54214522124077
"1017",1017,6.96750376415359
"1018",1018,7.32434875666159
"1019",1019,4.14172655062031
"1020",1020,3.55693322170042
"1021",1021,0.709355435958309
"1022",1022,0.682378304910005
"1023",1023,0.406081593688835
"1024",1024,65.645857710064
"1025",1025,78.0978624046475
"1026",1026,74.3369404622427
"1027",1027,95.6001541423935
"1028",1028,24.3424874076229
"1029",1029,11.7312356241762
"1030",1030,2.07080527056592
"1031",1031,5.95396865702643
"1032",1032,4.53214553591088
"1033",1033,3.93350097539504
"1034",1034,3.61017197014965
"1035",1035,43.7017560480163
"1036",1036,64.0658777809942
"1037",1037,65.278320199499
"1038",1038,88.8900953228159
"1039",1039,25.0957962434866
"1040",1040,22.9598951280072
"1041",1041,7.73380494469048
"1042",1042,8.57106313510789
"1043",1043,4.54417406268606
"1044",1044,1.52363721479041
"1045",1045,20.8267567784524
"1046",1046,13.1597383445488
"1047",1047,3.82844830178758
"1048",1048,1.2671823072653
"1049",1049,0.304732361117683
"1050",1050,15.2643965316138
"1051",1051,43.4485769373271
"1052",1052,63.9009481123752
"1053",1053,30.5834401101887
"1054",1054,31.3697563189231
"1055",1055,36.4536061171257
"1056",1056,8.249396654134
"1057",1057,7.03385685118226
"1058",1058,5.02768972745474
"1059",1059,2.65236851194114
"1060",1060,6.98272750204374
"1061",1061,30.5372039996558
"1062",1062,26.5351609959578
"1063",1063,7.37958455809808
"1064",1064,1.1215419455581
"1065",1065,0.159311503238214
"1066",1066,25.0980749142486
"1067",1067,57.4621115350874
"1068",1068,30.8408805854054
"1069",1069,94.5378480412861
"1070",1070,24.8147195311612
"1071",1071,23.9336365596106
"1072",1072,14.3978952423097
"1073",1073,23.7766466864209
"1074",1074,5.54123284470249
"1075",1075,3.79903710107032
"1076",1076,24.9610039603264
"1077",1077,13.9182870026578
"1078",1078,30.9276927760922
"1079",1079,9.98420426278337
"1080",1080,0.883376690038674
"1081",1081,114.667639428614
"1082",1082,33.2138164127451
"1083",1083,61.9792117841087
"1084",1084,13.1033868384558
"1085",1085,22.7772178196911
"1086",1086,13.5785952931264
"1087",1087,25.7329908372928
"1088",1088,12.8392061569368
"1089",1089,9.63918866797657
"1090",1090,6.65759256386824
"1091",1091,0.56789667623561
"1092",1092,4.29598152029406
"1093",1093,0.390208496144698
"1094",1094,5.05663579531983
"1095",1095,1.89275060794184
"1096",1096,3.95366585035104
"1097",1097,0.215493771359747
"1098",1098,0.8880590773464
"1099",1099,0.430471873342817
"1100",1100,13.834816668416
"1101",1101,6.84977779548759
"1102",1102,3.99663382083471
"1103",1103,3.54865940392592
"1104",1104,2.54803552974682
"1105",1105,0.280531401794989
"1106",1106,37.1733633764628
"1107",1107,32.7556729473999
"1108",1108,128.9605202603
"1109",1109,66.5714805951031
"1110",1110,169.244555511548
"1111",1111,97.5365758176989
"1112",1112,41.2256536124919
"1113",1113,22.4354147209839
"1114",1114,34.0777670388763
"1115",1115,14.7617501339049
"1116",1116,9.09451310587122
"1117",1117,11.5823754223748
"1118",1118,8.75740281953616
"1119",1119,5.5978705848929
"1120",1120,2.36707436684206
"1121",1121,29.8113947064896
"1122",1122,9.92607695860402
"1123",1123,2.50801887693435
"1124",1124,7.62191882733568
"1125",1125,6.11456494455616
"1126",1126,9.73557154454588
"1127",1127,3.47386987020376
"1128",1128,0.512627845475691
"1129",1129,7.12598861001466
"1130",1130,10.8923246890893
"1131",1131,4.1769689084403
"1132",1132,2.90922176161981
"1133",1133,1.88309612491633
"1134",1134,8.33617545632701
"1135",1135,38.2126120027797
"1136",1136,75.3285167509357
"1137",1137,121.943018273984
"1138",1138,102.553786938366
"1139",1139,46.1072724173787
"1140",1140,14.7743638018642
"1141",1141,5.03386639998986
"1142",1142,12.7656961273919
"1143",1143,41.3575238166073
"1144",1144,101.355170963843
"1145",1145,40.071666775963
"1146",1146,62.5541194456966
"1147",1147,10.3789503625902
"1148",1148,13.8304094468955
"1149",1149,6.31479179908505
"1150",1150,5.74203314699373
"1151",1151,7.4970514781705
"1152",1152,10.0901891163537
"1153",1153,4.43670225387329
"1154",1154,2.97931635893415
"1155",1155,2.51753516624559
"1156",1156,1.18495334833526
"1157",1157,3.88356873566858
"1158",1158,3.28786306499716
"1159",1159,3.17059647246282
"1160",1160,5.90685619612051
"1161",1161,6.85704313219499
"1162",1162,25.0266043399226
"1163",1163,98.3112825023988
"1164",1164,55.3209436359953
"1165",1165,38.9479834923386
"1166",1166,30.1760739110441
"1167",1167,18.4915451709086
"1168",1168,13.0451924247938
"1169",1169,12.2775596434121
"1170",1170,12.416263225341
"1171",1171,6.78828503574332
"1172",1172,5.28791493567807
"1173",1173,4.81328843695003
"1174",1174,18.6526281719605
"1175",1175,16.1875511770397
"1176",1176,11.5519722153806
"1177",1177,7.12037410396536
"1178",1178,6.56450097501542
"1179",1179,1.66287703237924
"1180",1180,3.28853999738271
"1181",1181,0.902072607431846
"1182",1182,2.24892452000324
"1183",1183,8.0176651993861
"1184",1184,17.7373684644622
"1185",1185,23.3640219050047
"1186",1186,17.359196323907
"1187",1187,34.4876193647153
"1188",1188,27.7814315519697
"1189",1189,57.4418794096908
"1190",1190,49.3106767909684
"1191",1191,1.94443317688809
"1192",1192,2.64874950138538
"1193",1193,1.24671518709066
"1194",1194,0.503732395460871
"1195",1195,1.1896449802114
"1196",1196,3.12049253019694
"1197",1197,16.6914520701343
"1198",1198,48.2012494167813
"1199",1199,47.0368366070681
"1200",1200,54.2775771321896
"1201",1201,49.4657476927181
"1202",1202,29.3734457051203
"1203",1203,5.77056467592572
"1204",1204,93.9521570290706
"1205",1205,70.3693842393555
"1206",1206,64.610756519531
"1207",1207,61.8531807659346
"1208",1208,25.6712240153683
"1209",1209,4.61569421145182
"1210",1210,3.00067714050972
"1211",1211,0.904352006282114
"1212",1212,1.59014502051399
"1213",1213,0.201631423460404
"1214",1214,0.151696656522506
"1215",1215,0.404845663397001
"1216",1216,2.04318553870541
"1217",1217,11.7044638605091
"1218",1218,23.3605104545413
"1219",1219,52.2272378676093
"1220",1220,78.3135733928534
"1221",1221,85.2638471424479
"1222",1222,87.6159003286321
"1223",1223,36.8662811257311
"1224",1224,3.5306242829833
"1225",1225,1.14393639151009
"1226",1226,0.193444178669816
"1227",1227,0.178785041149349
"1228",1228,0.155209268203355
"1229",1229,0.06930389479888
"1230",1230,0.0816662839270559
"1231",1231,0.955385606186803
"1232",1232,5.86545870340118
"1233",1233,17.4644603252803
"1234",1234,28.7671429011595
"1235",1235,48.8072716896886
"1236",1236,64.6918838688187
"1237",1237,58.2894103663548
"1238",1238,35.6040046184268
"1239",1239,4.46649995990787
"1240",1240,0.820931399307081
"1241",1241,0.207880146789752
"1242",1242,0.305827927831223
"1243",1243,0.236119326538936
"1244",1244,0.0971182476739038
"1245",1245,0.0651470452459853
"1246",1246,0.50329018009374
"1247",1247,3.64214936320458
"1248",1248,9.49413535478271
"1249",1249,18.8373884732251
"1250",1250,33.1318362580294
"1251",1251,23.3865104166881
"1252",1252,30.6605934698718
"1253",1253,48.362174739892
"1254",1254,31.7347222331096
"1255",1255,6.14780266405478
"1256",1256,0.78055054586762
"1257",1257,0.190814484591643
"1258",1258,0.273099008381287
"1259",1259,0.179180606249786
"1260",1260,0.229349014222477
"1261",1261,0.089414331056379
"1262",1262,0.133212755168911
"1263",1263,0.200638751370216
"1264",1264,2.81350661453165
"1265",1265,10.8642310426149
"1266",1266,0.131309887564199
"1267",1267,0.159540347132081
"1268",1268,0.171108122546692
"1269",1269,2.48017588701279
"1270",1270,16.7355611009513
"1271",1271,26.2221650667219
"1272",1272,54.5184934887681
"1273",1273,42.7905275881647
"1274",1274,20.7684050515765
"1275",1275,5.80901230971451
"1276",1276,0.83529755814228
"1277",1277,0.143792102125787
"1278",1278,0.0669540382279642
"1279",1279,0.165546065292048
"1280",1280,0.27450352437355
"1281",1281,2.33406334365018
"1282",1282,13.495232960759
"1283",1283,23.8943637551741
"1284",1284,26.4549096378324
"1285",1285,23.9814623693155
"1286",1286,18.2987683214517
"1287",1287,6.50115397508476
"1288",1288,2.38036419996134
"1289",1289,0.521697826577729
"1290",1290,0.125179914969285
"1291",1291,0.487823319546543
"1292",1292,1.25281024786347
"1293",1293,4.1336856211807
"1294",1294,4.85042812721549
"1295",1295,19.7293427545028
"1296",1296,16.3636248577982
"1297",1297,9.60873538187947
"1298",1298,23.5513793891553
"1299",1299,33.9500544892394
"1300",1300,12.6034700364811
"1301",1301,3.0073923284464
"1302",1302,1.7380266328888
"1303",1303,0.223686537139841
"1304",1304,0.500525555791801
"1305",1305,1.12252006060506
"1306",1306,6.55342222639722
"1307",1307,14.015619273695
"1308",1308,27.3413016133826
"1309",1309,30.6661039736286
"1310",1310,32.0675139298983
"1311",1311,13.2082056950804
"1312",1312,4.66858365617501
"1313",1313,2.28869028778722
"1314",1314,0.0700555657570796
"1315",1315,0.0526224125893813
"1316",1316,0.488555691783339
"1317",1317,1.10594865492233
"1318",1318,3.84809121943453
"1319",1319,13.2376486040836
"1320",1320,19.9041301375239
"1321",1321,18.0662824809087
"1322",1322,17.2627981600166
"1323",1323,13.0249268294908
"1324",1324,4.68274344792577
"1325",1325,11.8712954135406
"1326",1326,4.61579212173891
"1327",1327,3.36808210685006
"1328",1328,5.64105157798741
"1329",1329,0.644090935209764
"1330",1330,6.04098117150483
"1331",1331,9.8455367226237
"1332",1332,4.34849443551295
"1333",1333,15.3870757289642
"1334",1334,19.5335921696405
"1335",1335,19.101236283478
"1336",1336,10.7628855300554
"1337",1337,8.43423180450687e-06
"1338",1338,3.86845626882054e-06
"1339",1339,0.0949233614475309
"1340",1340,0.106139975225476
"1341",1341,1.13259648381703
"1342",1342,5.46203121001811
"1343",1343,13.9093738481507
"1344",1344,27.1564965163003
"1345",1345,21.2234896002937
"1346",1346,28.4877817952619
"1347",1347,25.6871387912302
"1348",1348,24.3997075466982
"1349",1349,12.0354792775398
"1350",1350,0.0942881661595567
"1351",1351,0.309036057619719
"1352",1352,10.1740650470623
"1353",1353,24.1101414977929
"1354",1354,31.0887469012778
"1355",1355,47.965368489412
"1356",1356,40.103344255182
"1357",1357,35.5639445988881
"1358",1358,16.6494107249331
"1359",1359,3.35744081716054
"1360",1360,0.111219858290213
"1361",1361,3.9418660673155
"1362",1362,11.8999330881793
"1363",1363,8.68145232863288
"1364",1364,25.0455504926079
"1365",1365,37.9564056287995
"1366",1366,60.251008468289
"1367",1367,54.186816617955
"1368",1368,51.3036690163014
"1369",1369,18.002199674002
"1370",1370,11.0716714372616
"1371",1371,1.10886821934171
"1372",1372,9.63010165900193
"1373",1373,26.9579502533775
"1374",1374,36.1010239807767
"1375",1375,44.6769862216253
"1376",1376,17.766021609303
"1377",1377,3.67596149645177
"1378",1378,2.12981417281516
"1379",1379,2.07506112472486
"1380",1380,16.6088737958796
"1381",1381,30.1421535142333
"1382",1382,28.3183568227139
"1383",1383,0.51799721990969
"1384",1384,1.18066050451116
"1385",1385,1.51794677546524
"1386",1386,2.03093715282979
"1387",1387,1.88336942195693
"1388",1388,2.33280326437796
"1389",1389,2.2557764184542
"1390",1390,1.61397244842634
"1391",1391,0.884355708903924
"1392",1392,0.632735671197717
