"","Element ID","/Layer_1/Streams_Outflow (-)(AF/year)"
"1",1,9995.67886183311
"2",2,6045.31515709805
"3",3,0
"4",4,0
"5",5,9795.47379306964
"6",6,5109.29769227559
"7",7,19111.0210736462
"8",8,11381.7512465031
"9",9,13879.5893944608
"10",10,20609.1938870944
"11",11,4326.44813895854
"12",12,9066.52429854208
"13",13,6840.40809160864
"14",14,5342.91270508866
"15",15,17946.6438895794
"16",16,15135.0506242749
"17",17,430.422433064109
"18",18,0
"19",19,8565.26402074561
"20",20,22630.2645379831
"21",21,10010.8034401546
"22",22,1711.83663992306
"23",23,4658.53963187102
"24",24,2639.9921399031
"25",25,9533.08680746477
"26",26,9747.74669228292
"27",27,23299.216779641
"28",28,12306.1660601038
"29",29,4452.16406085137
"30",30,3000.6259320863
"31",31,5654.27690314479
"32",32,6408.28016937979
"33",33,10887.7634255692
"34",34,11093.8369811151
"35",35,17235.507134389
"36",36,15364.7182272002
"37",37,0
"38",38,971.09541453556
"39",39,1587.89420712045
"40",40,2992.82631304024
"41",41,1239.5890310054
"42",42,9104.64775439438
"43",43,23149.8465037038
"44",44,395.126254915629
"45",45,305.091869753151
"46",46,1237.85329606133
"47",47,464.231725844317
"48",48,211.163946266305
"49",49,0
"50",50,0
"51",51,2782.55169971019
"52",52,12592.5431422942
"53",53,9580.96581432309
"54",54,720.698588227215
"55",55,0
"56",56,0
"57",57,0
"58",58,2204.51343702453
"59",59,0
"60",60,0
"61",61,0
"62",62,11372.5426635655
"63",63,19621.8423802617
"64",64,10658.845636368
"65",65,0
"66",66,0
"67",67,0
"68",68,10577.2396492034
"69",69,16986.875147473
"70",70,22217.558363565
"71",71,7825.7822509092
"72",72,299.401879589162
"73",73,1540.35331306337
"74",74,3250.42782456819
"75",75,5918.19419108216
"76",76,27014.0669692091
"77",77,14622.4918432474
"78",78,0
"79",79,506.429424779993
"80",80,2255.93928947885
"81",81,4273.08955920022
"82",82,10217.3473344507
"83",83,42812.7185158042
"84",84,21585.5188010398
"85",85,0
"86",86,434.869852164936
"87",87,174.020914228719
"88",88,188.19775790516
"89",89,1430.91634719301
"90",90,29881.7340116755
"91",91,18019.83450388
"92",92,262.789803081236
"93",93,486.179334314251
"94",94,255.014893823141
"95",95,0
"96",96,19354.3189899716
"97",97,16353.397517587
"98",98,723.248863291607
"99",99,384.83719480879
"100",100,444.269413561553
"101",101,0
"102",102,0
"103",103,21447.7842309607
"104",104,21178.8433320779
"105",105,0
"106",106,1972.18273981522
"107",107,1535.64250951997
"108",108,1866.09685696953
"109",109,7538.45145019964
"110",110,27493.9329154053
"111",111,13035.4038130363
"112",112,20180.7306985265
"113",113,15180.8003318233
"114",114,11813.0898907873
"115",115,0
"116",116,7553.31226100608
"117",117,0
"118",118,0
"119",119,1297.26436727459
"120",120,147.94743244447
"121",121,2372.53016187624
"122",122,1244.90122394012
"123",123,1939.44284631669
"124",124,2764.31720590754
"125",125,6488.02701926835
"126",126,6577.55761555709
"127",127,5282.23383098706
"128",128,12177.7454043694
"129",129,6903.89563236222
"130",130,8516.66093154448
"131",131,1661.15969188766
"132",132,204.947529340733
"133",133,8678.08138631836
"134",134,0
"135",135,4951.05460674816
"136",136,4663.95621165584
"137",137,624.374466161302
"138",138,203.281631302134
"139",139,205.905347951272
"140",140,0
"141",141,0
"142",142,0
"143",143,0
"144",144,5992.93312259473
"145",145,7422.49513426971
"146",146,12024.093942899
"147",147,4987.74865268922
"148",148,4738.19464020836
"149",149,7514.25888668481
"150",150,0
"151",151,0
"152",152,0
"153",153,0
"154",154,7748.87562074647
"155",155,6923.32243026123
"156",156,0
"157",157,0
"158",158,16468.650952241
"159",159,14132.1805827571
"160",160,9375.88281015408
"161",161,8328.03131798784
"162",162,0
"163",163,0
"164",164,8543.98505748352
"165",165,9271.72123342573
"166",166,203.04800356029
"167",167,0
"168",168,0
"169",169,0
"170",170,0
"171",171,0
"172",172,18487.9122505125
"173",173,18046.4187422676
"174",174,9371.69870941368
"175",175,10283.2364469132
"176",176,0
"177",177,0
"178",178,7564.36126712083
"179",179,10394.2800356099
"180",180,0
"181",181,0
"182",182,0
"183",183,0
"184",184,0
"185",185,0
"186",186,8952.02636249951
"187",187,14842.2240145611
"188",188,16874.1131943541
"189",189,2521.03429570534
"190",190,5792.6266527811
"191",191,8919.76822125649
"192",192,0
"193",193,0
"194",194,13716.9273297394
"195",195,19343.4369513054
"196",196,3822.86500971969
"197",197,0
"198",198,0
"199",199,0
"200",200,0
"201",201,13105.5721991557
"202",202,0
"203",203,0
"204",204,0
"205",205,0
"206",206,5122.83090699043
"207",207,10432.7472592956
"208",208,6093.82615881283
"209",209,4811.54767861866
"210",210,0
"211",211,0
"212",212,1253.75112205779
"213",213,0
"214",214,0
"215",215,17012.358511133
"216",216,21532.2990720449
"217",217,0
"218",218,0
"219",219,0
"220",220,0
"221",221,0
"222",222,0
"223",223,4133.26224093056
"224",224,17618.4860254776
"225",225,9322.01898932372
"226",226,7203.26766518196
"227",227,5678.13177045246
"228",228,0
"229",229,0
"230",230,20843.1831111064
"231",231,19008.4964516277
"232",232,2041.07626568556
"233",233,0
"234",234,0
"235",235,0
"236",236,4888.18718645201
"237",237,22953.4239888996
"238",238,18342.6807477187
"239",239,5103.04224500708
"240",240,7167.13361967016
"241",241,0
"242",242,0
"243",243,0
"244",244,7871.33935362412
"245",245,14164.9216740553
"246",246,10035.5382165902
"247",247,22767.4792913922
"248",248,3030.15227193365
"249",249,9798.38015848223
"250",250,13381.150798577
"251",251,23118.8304343656
"252",252,7363.2633681206
"253",253,0
"254",254,0
"255",255,0
"256",256,6351.37049382981
"257",257,8162.15280880829
"258",258,6325.74184469899
"259",259,20543.140303579
"260",260,23232.7462375134
"261",261,0
"262",262,0
"263",263,4529.94787720954
"264",264,4195.10618979098
"265",265,4649.67942379285
"266",266,20752.1327775612
"267",267,36030.7791077581
"268",268,8258.00670498504
"269",269,6456.94023053554
"270",270,4040.19640087001
"271",271,9456.24805096329
"272",272,3847.32598361428
"273",273,0
"274",274,0
"275",275,11301.8266111265
"276",276,6792.46767557188
"277",277,17023.9291888548
"278",278,15820.3979991628
"279",279,6178.16064302349
"280",280,7854.45382790907
"281",281,7637.93858759452
"282",282,11164.918951341
"283",283,6234.38824721117
"284",284,0
"285",285,0
"286",286,0
"287",287,5189.42703169264
"288",288,5558.32589174825
"289",289,15934.1576308818
"290",290,16501.8204332215
"291",291,18214.9620596972
"292",292,5382.67858175947
"293",293,6882.42500199804
"294",294,6239.59978012553
"295",295,8443.42553043573
"296",296,0
"297",297,0
"298",298,0
"299",299,0
"300",300,9041.25222858028
"301",301,29908.6890849036
"302",302,15368.7540407917
"303",303,4717.67191048305
"304",304,3813.93788190193
"305",305,9828.30615686184
"306",306,9551.58352089352
"307",307,0
"308",308,0
"309",309,0
"310",310,0
"311",311,4585.81229473913
"312",312,6691.52394798714
"313",313,15320.857103594
"314",314,13053.2951340338
"315",315,14454.1071885676
"316",316,6116.70251667732
"317",317,13391.6874162108
"318",318,11371.7467378134
"319",319,8243.43097585047
"320",320,6176.17634096578
"321",321,3490.45591532425
"322",322,7762.45527283913
"323",323,4903.90721161412
"324",324,0
"325",325,3819.92183215984
"326",326,8888.44601439134
"327",327,13300.8874711283
"328",328,21924.4597833603
"329",329,9420.97025555604
"330",330,10054.6768305177
"331",331,2730.57198369536
"332",332,8585.67998787407
"333",333,9911.23427371408
"334",334,7052.67143581565
"335",335,7693.9253782849
"336",336,5226.30672862302
"337",337,2090.15165614675
"338",338,3268.43987723297
"339",339,31548.0096081219
"340",340,31161.3758887503
"341",341,13244.9964446161
"342",342,6049.95142692334
"343",343,0
"344",344,0
"345",345,0
"346",346,0
"347",347,0
"348",348,3979.53643342212
"349",349,23181.235556726
"350",350,23263.9875530329
"351",351,18141.1569178409
"352",352,12997.8499156742
"353",353,4032.43775135532
"354",354,3946.15782247165
"355",355,4009.66035571291
"356",356,5833.594180086
"357",357,7631.3049799097
"358",358,5738.91087786909
"359",359,7554.27523071439
"360",360,13137.5211753822
"361",361,7373.0640124037
"362",362,3988.7704569761
"363",363,0
"364",364,0
"365",365,0
"366",366,0
"367",367,0
"368",368,0
"369",369,0
"370",370,0
"371",371,0
"372",372,0
"373",373,0
"374",374,0
"375",375,8212.28723213306
"376",376,0
"377",377,0
"378",378,4467.28487151779
"379",379,0
"380",380,0
"381",381,0
"382",382,0
"383",383,0
"384",384,4336.24087979234
"385",385,11144.4830945351
"386",386,3748.36585572712
"387",387,3597.68001501714
"388",388,0
"389",389,6299.61261914667
"390",390,2652.03093417063
"391",391,4588.73851531207
"392",392,2355.57195698189
"393",393,1812.08795974865
"394",394,4371.77815692212
"395",395,1172.21513404425
"396",396,0
"397",397,0
"398",398,0
"399",399,2995.59953609912
"400",400,4940.44811783495
"401",401,5898.23249457095
"402",402,0
"403",403,0
"404",404,0
"405",405,0
"406",406,3544.34616797538
"407",407,7628.31120213692
"408",408,5845.22860422586
"409",409,3072.98360199623
"410",410,4231.14818432076
"411",411,2724.34469934517
"412",412,1481.22270645875
"413",413,3627.43400463477
"414",414,2771.31437846521
"415",415,8962.67004029818
"416",416,12530.7115935628
"417",417,4349.18549714022
"418",418,1758.5732956994
"419",419,324.891260079709
"420",420,3111.01708476214
"421",421,5164.39671816319
"422",422,4222.66007573177
"423",423,2428.03204866497
"424",424,2009.9355608051
"425",425,5231.71551990132
"426",426,3943.80559865438
"427",427,5142.47591948857
"428",428,6726.13745235512
"429",429,2806.37374355725
"430",430,4844.82737294719
"431",431,5569.18946499916
"432",432,0
"433",433,0
"434",434,521.150777581055
"435",435,530.119263298839
"436",436,0
"437",437,0
"438",438,1693.51656720473
"439",439,857.610706314645
"440",440,646.414123411262
"441",441,0
"442",442,0
"443",443,6627.63879972897
"444",444,3850.78375347494
"445",445,2944.49891655174
"446",446,881.45260582624
"447",447,1937.62894210043
"448",448,1818.71454233503
"449",449,2443.11421266205
"450",450,0
"451",451,0
"452",452,462.027115878079
"453",453,443.848052419368
"454",454,0
"455",455,44.9869855152453
"456",456,158.352464781376
"457",457,53.4215251290828
"458",458,0
"459",459,519.218964925044
"460",460,493.128240546632
"461",461,322.285580827791
"462",462,0
"463",463,0
"464",464,0
"465",465,2117.16533382132
"466",466,3923.09990219745
"467",467,5402.46567024086
"468",468,0
"469",469,2023.66294351799
"470",470,2252.61071949094
"471",471,0
"472",472,869.255141855096
"473",473,708.388615013721
"474",474,184.604309484265
"475",475,204.909554193623
"476",476,74.8445809873938
"477",477,520.355154192202
"478",478,213.978731467806
"479",479,484.806753073962
"480",480,0
"481",481,0
"482",482,0
"483",483,0
"484",484,5233.61822915225
"485",485,4220.9069563329
"486",486,0
"487",487,367.242244532617
"488",488,3.69188170816458
"489",489,1043.50912739503
"490",490,445.239211891831
"491",491,631.007822073175
"492",492,836.031530041625
"493",493,2218.66801710262
"494",494,1538.39922177747
"495",495,0
"496",496,0
"497",497,0
"498",498,0
"499",499,0
"500",500,37.792656566622
"501",501,858.980358618272
"502",502,956.479194353018
"503",503,39.3719174341919
"504",504,26.4028402265863
"505",505,442.861082612804
"506",506,2187.04063229827
"507",507,0
"508",508,406.707197132312
"509",509,2554.87247223091
"510",510,0
"511",511,2212.1731013273
"512",512,286.017418341132
"513",513,2220.86471921808
"514",514,3264.67945885555
"515",515,2093.57756642924
"516",516,2072.35466558583
"517",517,3189.62716841759
"518",518,3212.35278138697
"519",519,0
"520",520,0
"521",521,739.618282741236
"522",522,575.280628516184
"523",523,1414.29556868956
"524",524,1559.01529078767
"525",525,2567.20567270293
"526",526,4585.2653339273
"527",527,11864.1919528188
"528",528,8032.17886683625
"529",529,9366.13394094692
"530",530,11837.0795189224
"531",531,10570.3321218989
"532",532,5099.12417352649
"533",533,0
"534",534,9683.73609097561
"535",535,9498.42314402631
"536",536,4260.14394324517
"537",537,4572.97972306296
"538",538,1408.52399399202
"539",539,830.065622051811
"540",540,57.5759162410109
"541",541,60.2946851655203
"542",542,112.297476708344
"543",543,140.864070304196
"544",544,381.326566743733
"545",545,2253.31755935108
"546",546,408.340746276024
"547",547,273.741274811083
"548",548,409.408360449025
"549",549,1005.40782667336
"550",550,1781.4873233745
"551",551,3151.30007114038
"552",552,30748.6785252406
"553",553,31938.7521281207
"554",554,15613.9195776862
"555",555,6693.67672573329
"556",556,488.057789388134
"557",557,897.243273583908
"558",558,121.914389229501
"559",559,149.378471433929
"560",560,242.214642708196
"561",561,1804.86902115168
"562",562,1982.07057400828
"563",563,1406.52446303065
"564",564,179.293632742212
"565",565,229.072563300384
"566",566,315.210916717861
"567",567,724.658855672759
"568",568,1293.04535011472
"569",569,4891.31759888617
"570",570,3676.57989869794
"571",571,0
"572",572,0
"573",573,0
"574",574,0
"575",575,0
"576",576,0.526783270384798
"577",577,0.632954872491288
"578",578,0.420679062902238
"579",579,0.642380955385981
"580",580,504.427613645355
"581",581,194.859291838122
"582",582,0
"583",583,0
"584",584,0
"585",585,0
"586",586,0
"587",587,0
"588",588,0.049483785613093
"589",589,0.0647817009845296
"590",590,300.25858242824
"591",591,106.60313479342
"592",592,0
"593",593,0
"594",594,0
"595",595,0
"596",596,0
"597",597,0
"598",598,0
"599",599,0
"600",600,0
"601",601,0
"602",602,0
"603",603,0
"604",604,0
"605",605,0
"606",606,0
"607",607,0
"608",608,1.3063510295267
"609",609,1.09181544433942
"610",610,4242.78679268386
"611",611,14363.2308333563
"612",612,11161.082261375
"613",613,7371.10056263732
"614",614,5780.53346513176
"615",615,3556.32840843859
"616",616,1946.92059573109
"617",617,3037.31133380753
"618",618,0
"619",619,0
"620",620,0
"621",621,1.9804903805179
"622",622,0
"623",623,0
"624",624,0
"625",625,12775.3397410827
"626",626,12605.1992971903
"627",627,5591.66271708393
"628",628,10845.5188352553
"629",629,6417.55543574932
"630",630,4488.64399081432
"631",631,2685.12490385294
"632",632,2354.35147981678
"633",633,2955.58686002896
"634",634,0
"635",635,26538.9521588697
"636",636,34819.911924208
"637",637,5574.8741401042
"638",638,0
"639",639,0
"640",640,0
"641",641,0
"642",642,0
"643",643,0
"644",644,0
"645",645,26439.3871519297
"646",646,30501.9193203785
"647",647,16344.3711279998
"648",648,16113.1555002435
"649",649,12802.6307131974
"650",650,17169.1089150437
"651",651,0
"652",652,0
"653",653,0
"654",654,0
"655",655,0
"656",656,19585.4603378609
"657",657,13100.8954710641
"658",658,9839.23865093571
"659",659,10241.8010554846
"660",660,0
"661",661,26274.8834484589
"662",662,45978.0427074484
"663",663,17916.951542262
"664",664,15422.822786805
"665",665,15140.5124386731
"666",666,20149.2060575708
"667",667,13999.3573529565
"668",668,6543.29298047591
"669",669,7624.29720733023
"670",670,0
"671",671,28640.572595124
"672",672,31017.6776064993
"673",673,0
"674",674,0
"675",675,0
"676",676,0
"677",677,0
"678",678,0
"679",679,0
"680",680,4226.43435691439
"681",681,13978.076101391
"682",682,2971.24088467671
"683",683,13855.6886978234
"684",684,16147.7458975425
"685",685,0
"686",686,0
"687",687,0
"688",688,0
"689",689,0
"690",690,0
"691",691,0
"692",692,2680.8392774437
"693",693,20844.5953248492
"694",694,21013.3027895016
"695",695,12476.4284664622
"696",696,19904.9919251779
"697",697,18651.159543841
"698",698,10989.6461103562
"699",699,6003.95595853139
"700",700,4463.73252846493
"701",701,1959.1584083149
"702",702,11457.7101335883
"703",703,18626.3929422834
"704",704,10003.6779700667
"705",705,11902.0339027311
"706",706,12624.3425936419
"707",707,9702.9177913042
"708",708,5831.06586631356
"709",709,5618.54815662326
"710",710,2596.03372857413
"711",711,94.4511438700591
"712",712,7871.31915190793
"713",713,3243.91527520402
"714",714,5175.09417441083
"715",715,3736.37843568693
"716",716,6867.50640839605
"717",717,3605.53411140565
"718",718,0
"719",719,0
"720",720,0
"721",721,0
"722",722,0
"723",723,0
"724",724,0
"725",725,0
"726",726,0
"727",727,2656.85823562822
"728",728,7506.51456798576
"729",729,6411.48142722307
"730",730,6890.05812397722
"731",731,0
"732",732,3358.06983509436
"733",733,6506.92555508685
"734",734,0
"735",735,0
"736",736,0
"737",737,0
"738",738,4006.28816506573
"739",739,4063.04464892585
"740",740,2299.57964741679
"741",741,809.327764103097
"742",742,4544.56809830469
"743",743,7205.65364513474
"744",744,6124.43153495276
"745",745,4373.41731427183
"746",746,2400.46217004294
"747",747,1239.20996551892
"748",748,0
"749",749,0
"750",750,0
"751",751,0
"752",752,1174.38571964252
"753",753,2033.78615719867
"754",754,4991.7560771923
"755",755,4151.04446490074
"756",756,894.365486848744
"757",757,193.913648409182
"758",758,1017.03720039045
"759",759,499.801735532978
"760",760,108.045404835015
"761",761,123.75344604156
"762",762,6780.75678361293
"763",763,2460.25373268518
"764",764,783.776109098502
"765",765,1623.34216712965
"766",766,36.4546054742945
"767",767,96.0379240659319
"768",768,25.928178911932
"769",769,436.200165404515
"770",770,211.627297270528
"771",771,50.2094677655106
"772",772,112.074460423856
"773",773,0
"774",774,0
"775",775,0
"776",776,0
"777",777,0
"778",778,0
"779",779,0
"780",780,1904.28725640656
"781",781,3509.97920306421
"782",782,2717.82949816322
"783",783,2278.46615596748
"784",784,422.550373771604
"785",785,745.9763794952
"786",786,382.966654492476
"787",787,187.904229104021
"788",788,76.2742629039139
"789",789,92.4550635562185
"790",790,221.798074073476
"791",791,0
"792",792,3106.13094617247
"793",793,0
"794",794,0
"795",795,0
"796",796,0
"797",797,0
"798",798,0
"799",799,0
"800",800,844.733628164696
"801",801,1962.35841370738
"802",802,8185.22273091256
"803",803,3858.64358116625
"804",804,3715.84616506455
"805",805,4609.37533896087
"806",806,4171.60248285577
"807",807,2803.03997642223
"808",808,1490.24734491689
"809",809,3826.12432329205
"810",810,1185.03894739832
"811",811,1816.91212312634
"812",812,2238.31667353093
"813",813,552.818864057072
"814",814,352.869051503175
"815",815,207.294889902559
"816",816,197.72384809885
"817",817,313.056956912763
"818",818,0
"819",819,0
"820",820,0
"821",821,0
"822",822,0
"823",823,197.05920697074
"824",824,155.52005472538
"825",825,361.825871499024
"826",826,395.223411490691
"827",827,656.4024144896
"828",828,0
"829",829,0
"830",830,0
"831",831,6931.54601761083
"832",832,3828.60739503663
"833",833,1114.03329717007
"834",834,1524.88588431914
"835",835,228.4256163804
"836",836,132.558325232567
"837",837,238.423287775172
"838",838,386.895448970656
"839",839,650.963530563388
"840",840,0
"841",841,0
"842",842,0
"843",843,0
"844",844,0
"845",845,8583.22107003253
"846",846,0
"847",847,0
"848",848,9523.64796836963
"849",849,6535.04154756892
"850",850,8928.66665411576
"851",851,1210.78281704694
"852",852,1675.78927743265
"853",853,0
"854",854,0
"855",855,0
"856",856,0
"857",857,0
"858",858,0
"859",859,0
"860",860,0
"861",861,0
"862",862,0
"863",863,0
"864",864,0
"865",865,0
"866",866,0
"867",867,0
"868",868,0
"869",869,3957.0363868486
"870",870,2861.43700298123
"871",871,3838.68805963653
"872",872,1031.83542847857
"873",873,703.866096473752
"874",874,927.384464820268
"875",875,627.622710009637
"876",876,4204.37999497912
"877",877,4079.53651719278
"878",878,3069.84983919092
"879",879,1614.53293150982
"880",880,2566.25838602518
"881",881,0
"882",882,0
"883",883,0
"884",884,0
"885",885,966.464399983161
"886",886,1299.17194886597
"887",887,5.88086637311405
"888",888,121.472346054837
"889",889,950.00593049629
"890",890,3339.62109435159
"891",891,3397.390463994
"892",892,1368.63105656877
"893",893,1760.14113064691
"894",894,818.868178933634
"895",895,1450.53420206392
"896",896,0
"897",897,0
"898",898,0
"899",899,0
"900",900,149.442390465591
"901",901,115.928634696309
"902",902,0
"903",903,0
"904",904,0
"905",905,0
"906",906,29.0331287083031
"907",907,114.150718916349
"908",908,141.282798839466
"909",909,0
"910",910,0
"911",911,0
"912",912,0
"913",913,0
"914",914,0
"915",915,0
"916",916,0
"917",917,0
"918",918,0
"919",919,0
"920",920,0
"921",921,0
"922",922,108.611019722063
"923",923,148.616725099782
"924",924,0
"925",925,0
"926",926,0
"927",927,0
"928",928,0
"929",929,0
"930",930,0
"931",931,0
"932",932,0
"933",933,0
"934",934,0
"935",935,0
"936",936,0
"937",937,0
"938",938,0
"939",939,46.924904896586
"940",940,38.8795963400222
"941",941,0
"942",942,0
"943",943,0
"944",944,0
"945",945,0
"946",946,0
"947",947,0
"948",948,12.7222064137814
"949",949,9.82239904071933
"950",950,0
"951",951,0
"952",952,0
"953",953,0
"954",954,46.6460258407195
"955",955,58.1975405945327
"956",956,2.33050272564591
"957",957,0
"958",958,0
"959",959,0
"960",960,0
"961",961,0
"962",962,241.958194397904
"963",963,163.439885229179
"964",964,0
"965",965,0
"966",966,0
"967",967,0
"968",968,0
"969",969,0
"970",970,0
"971",971,0
"972",972,0
"973",973,0
"974",974,0
"975",975,0
"976",976,0
"977",977,157.228635523893
"978",978,122.861300546431
"979",979,0
"980",980,0
"981",981,0
"982",982,0
"983",983,0
"984",984,0
"985",985,0
"986",986,5087.13527916416
"987",987,2205.25068260469
"988",988,5699.84074786329
"989",989,1921.73468491062
"990",990,4045.20200309495
"991",991,0
"992",992,0
"993",993,0
"994",994,0
"995",995,7.78414227301034
"996",996,10.8477568256776
"997",997,0
"998",998,0
"999",999,0
"1000",1000,0
"1001",1001,0
"1002",1002,0
"1003",1003,0
"1004",1004,0
"1005",1005,0
"1006",1006,0
"1007",1007,0
"1008",1008,0
"1009",1009,0
"1010",1010,0
"1011",1011,22.5204313529183
"1012",1012,495.823179159081
"1013",1013,712.478305924248
"1014",1014,0
"1015",1015,0
"1016",1016,0
"1017",1017,0
"1018",1018,1360.79658939676
"1019",1019,3017.50780102041
"1020",1020,9954.91670283791
"1021",1021,7984.81327573429
"1022",1022,5392.48598790608
"1023",1023,3036.3928536583
"1024",1024,0
"1025",1025,0
"1026",1026,0
"1027",1027,0
"1028",1028,31.3643710825415
"1029",1029,485.520895184184
"1030",1030,316.084021240175
"1031",1031,322.22441976761
"1032",1032,174.617438485143
"1033",1033,510.886865702693
"1034",1034,1109.59422259782
"1035",1035,0
"1036",1036,0
"1037",1037,0
"1038",1038,0
"1039",1039,45.2306672629374
"1040",1040,252.410361165217
"1041",1041,400.574079013525
"1042",1042,431.523502534506
"1043",1043,151.697609329609
"1044",1044,267.678667335721
"1045",1045,2501.19352063923
"1046",1046,3361.15129843123
"1047",1047,5114.11936185563
"1048",1048,3935.29684970154
"1049",1049,0
"1050",1050,0
"1051",1051,0
"1052",1052,0
"1053",1053,0
"1054",1054,671.423777242698
"1055",1055,1359.61330350959
"1056",1056,0
"1057",1057,0
"1058",1058,0
"1059",1059,256.956242560999
"1060",1060,0
"1061",1061,0
"1062",1062,0
"1063",1063,0
"1064",1064,0
"1065",1065,0
"1066",1066,0
"1067",1067,0
"1068",1068,0
"1069",1069,994.2487657597
"1070",1070,743.81587693957
"1071",1071,0
"1072",1072,0
"1073",1073,0
"1074",1074,0
"1075",1075,0
"1076",1076,0
"1077",1077,0
"1078",1078,0
"1079",1079,0
"1080",1080,0
"1081",1081,2486.51606796121
"1082",1082,772.882253836107
"1083",1083,3199.64530902951
"1084",1084,765.542159318594
"1085",1085,0
"1086",1086,0
"1087",1087,0
"1088",1088,0
"1089",1089,0
"1090",1090,0
"1091",1091,0
"1092",1092,0
"1093",1093,0
"1094",1094,0
"1095",1095,1990.0515244527
"1096",1096,4099.76012035028
"1097",1097,0
"1098",1098,5193.73745981858
"1099",1099,7136.35679908166
"1100",1100,0
"1101",1101,1065.87387637295
"1102",1102,2756.0911275026
"1103",1103,6780.44598100634
"1104",1104,4095.27208574255
"1105",1105,5458.41230720123
"1106",1106,0
"1107",1107,0
"1108",1108,119.578272992769
"1109",1109,91.5621790040342
"1110",1110,2015.35392313975
"1111",1111,7291.5666571383
"1112",1112,7252.56538795137
"1113",1113,2268.2714422814
"1114",1114,2816.58116574691
"1115",1115,1895.49814908539
"1116",1116,3301.2990409253
"1117",1117,2701.80023732589
"1118",1118,0
"1119",1119,0
"1120",1120,0
"1121",1121,8763.5287590973
"1122",1122,5158.40456630632
"1123",1123,406.097951952375
"1124",1124,2131.89575512345
"1125",1125,1017.16927042209
"1126",1126,0
"1127",1127,0
"1128",1128,0
"1129",1129,3721.82438631186
"1130",1130,7314.97754861625
"1131",1131,3989.18889688948
"1132",1132,4130.01356740415
"1133",1133,3382.47300697493
"1134",1134,5238.7929839483
"1135",1135,10477.4963326241
"1136",1136,5665.74496861232
"1137",1137,520.406110515888
"1138",1138,76.939390715902
"1139",1139,18.7609739056738
"1140",1140,0
"1141",1141,0
"1142",1142,0
"1143",1143,0
"1144",1144,0
"1145",1145,1903.42903888215
"1146",1146,7388.2214682048
"1147",1147,2085.03161344791
"1148",1148,8699.96678910122
"1149",1149,6420.87068512744
"1150",1150,6517.56260965965
"1151",1151,7158.20725524339
"1152",1152,8188.08475417607
"1153",1153,3094.90386095555
"1154",1154,3681.55848722976
"1155",1155,2263.93870826164
"1156",1156,539.637475691915
"1157",1157,1781.13804527347
"1158",1158,434.542212116232
"1159",1159,0
"1160",1160,0
"1161",1161,0
"1162",1162,0
"1163",1163,76.3866718517194
"1164",1164,63.054420181941
"1165",1165,974.618755368795
"1166",1166,949.566418455402
"1167",1167,0
"1168",1168,0
"1169",1169,0
"1170",1170,0
"1171",1171,0
"1172",1172,1.32797818490223
"1173",1173,2.08675715598803
"1174",1174,0
"1175",1175,0
"1176",1176,0
"1177",1177,0
"1178",1178,0
"1179",1179,0
"1180",1180,0
"1181",1181,0
"1182",1182,0
"1183",1183,0
"1184",1184,0
"1185",1185,0
"1186",1186,234.555314065466
"1187",1187,362.851428331783
"1188",1188,59.9762736168184
"1189",1189,5.4743885122311
"1190",1190,6.08949514773762
"1191",1191,0
"1192",1192,0
"1193",1193,0
"1194",1194,0
"1195",1195,0
"1196",1196,0
"1197",1197,0
"1198",1198,0
"1199",1199,471.562929182783
"1200",1200,561.779299674061
"1201",1201,36.4666386943667
"1202",1202,0.865305310528146
"1203",1203,0.677167468952458
"1204",1204,0
"1205",1205,39.4362229277387
"1206",1206,34.0714814160717
"1207",1207,0.988597232644563
"1208",1208,1.16917707437744
"1209",1209,0
"1210",1210,0
"1211",1211,0
"1212",1212,0
"1213",1213,0
"1214",1214,0
"1215",1215,0
"1216",1216,0
"1217",1217,0
"1218",1218,0
"1219",1219,0
"1220",1220,0
"1221",1221,0
"1222",1222,0
"1223",1223,0
"1224",1224,0
"1225",1225,0
"1226",1226,0
"1227",1227,0
"1228",1228,0
"1229",1229,0
"1230",1230,0
"1231",1231,0
"1232",1232,0
"1233",1233,0
"1234",1234,0
"1235",1235,0
"1236",1236,0
"1237",1237,0
"1238",1238,0
"1239",1239,0
"1240",1240,0
"1241",1241,0
"1242",1242,0
"1243",1243,0
"1244",1244,0
"1245",1245,0
"1246",1246,152.615462878408
"1247",1247,128.731931662612
"1248",1248,0
"1249",1249,0
"1250",1250,0
"1251",1251,0
"1252",1252,0
"1253",1253,0
"1254",1254,0
"1255",1255,0
"1256",1256,0
"1257",1257,0
"1258",1258,0
"1259",1259,0
"1260",1260,0
"1261",1261,0
"1262",1262,0
"1263",1263,183.140787256874
"1264",1264,144.919632058004
"1265",1265,0
"1266",1266,0
"1267",1267,0
"1268",1268,102.791394890386
"1269",1269,102.123556293383
"1270",1270,0
"1271",1271,0
"1272",1272,0
"1273",1273,0
"1274",1274,0
"1275",1275,0
"1276",1276,0
"1277",1277,0
"1278",1278,0
"1279",1279,0
"1280",1280,191.744946091289
"1281",1281,269.578760792487
"1282",1282,0
"1283",1283,0
"1284",1284,0
"1285",1285,0
"1286",1286,0
"1287",1287,0
"1288",1288,0
"1289",1289,0
"1290",1290,0
"1291",1291,0
"1292",1292,230.876938394617
"1293",1293,264.945572909275
"1294",1294,0
"1295",1295,0
"1296",1296,0
"1297",1297,0
"1298",1298,0
"1299",1299,0
"1300",1300,0
"1301",1301,0
"1302",1302,0.470139648783235
"1303",1303,0
"1304",1304,0
"1305",1305,206.837163661607
"1306",1306,200.667509493624
"1307",1307,0
"1308",1308,0
"1309",1309,0
"1310",1310,0
"1311",1311,0
"1312",1312,9.10958681233846
"1313",1313,7.02249827104578
"1314",1314,0
"1315",1315,0
"1316",1316,273.347956307104
"1317",1317,3034.89161291731
"1318",1318,1683.79926622359
"1319",1319,2258.60779842808
"1320",1320,0
"1321",1321,18.4701717671617
"1322",1322,26.4036541190178
"1323",1323,8.4574355396512
"1324",1324,10.4057457159132
"1325",1325,16.8572468191833
"1326",1326,9.82875163723895
"1327",1327,11.0509308496311
"1328",1328,4.15196095455345
"1329",1329,2115.4980694774
"1330",1330,3576.86479340535
"1331",1331,1477.19063806325
"1332",1332,125.848575963261
"1333",1333,27.7105604881024
"1334",1334,2.95600703054626
"1335",1335,0
"1336",1336,0
"1337",1337,0
"1338",1338,0
"1339",1339,0
"1340",1340,0
"1341",1341,0
"1342",1342,924.301359999061
"1343",1343,2822.07745517224
"1344",1344,2485.64061773433
"1345",1345,390.800876495333
"1346",1346,0
"1347",1347,0
"1348",1348,0
"1349",1349,0
"1350",1350,0
"1351",1351,0
"1352",1352,859.728077822703
"1353",1353,859.190406011187
"1354",1354,0
"1355",1355,0
"1356",1356,0
"1357",1357,0
"1358",1358,0
"1359",1359,0
"1360",1360,0
"1361",1361,0
"1362",1362,0
"1363",1363,0
"1364",1364,0
"1365",1365,0
"1366",1366,0
"1367",1367,0
"1368",1368,0
"1369",1369,0
"1370",1370,0
"1371",1371,0
"1372",1372,0
"1373",1373,0
"1374",1374,0
"1375",1375,0
"1376",1376,0
"1377",1377,0
"1378",1378,0
"1379",1379,0
"1380",1380,0
"1381",1381,0
"1382",1382,0
"1383",1383,0
"1384",1384,0
"1385",1385,0
"1386",1386,0
"1387",1387,0
"1388",1388,0
"1389",1389,0
"1390",1390,0
"1391",1391,0
"1392",1392,0
