"","Element ID","/Layer_1/Diversion Recoverable Loss_Inflow (+)(AF/year)"
"1",1,124.055288662101
"2",2,136.006451780779
"3",3,93.9729474692215
"4",4,67.4914285714286
"5",5,46.9113366980195
"6",6,283.943850071617
"7",7,140.164380959851
"8",8,981.273137243912
"9",9,189.970902602395
"10",10,169.541084802169
"11",11,37.6210035714429
"12",12,37.6210035714429
"13",13,3304.80279741397
"14",14,1009.63159770437
"15",15,218.329363062854
"16",16,70.7846417706296
"17",17,0
"18",18,37.6210035714429
"19",19,2315.60101750983
"20",20,2343.95947797029
"21",21,126.700427170987
"22",22,0
"23",23,0
"24",24,79.7806288124142
"25",25,79.7806288124142
"26",26,2315.60101750983
"27",27,2397.20591853865
"28",28,137.520686429185
"29",29,137.520686429185
"30",30,0
"31",31,0
"32",32,79.7806288124142
"33",33,79.7806288124142
"34",34,2315.60101750983
"35",35,2315.60101750983
"36",36,55.9157854003575
"37",37,0
"38",38,0
"39",39,0
"40",40,0
"41",41,0
"42",42,0
"43",43,0
"44",44,0
"45",45,0
"46",46,0
"47",47,0
"48",48,0
"49",49,0
"50",50,0
"51",51,0
"52",52,960.843319443685
"53",53,0
"54",54,0
"55",55,0
"56",56,0
"57",57,0
"58",58,0
"59",59,0
"60",60,0
"61",61,0
"62",62,0
"63",63,0
"64",64,0
"65",65,0
"66",66,0
"67",67,0
"68",68,0
"69",69,293.252922824302
"70",70,220.748916033072
"71",71,220.748916033072
"72",72,0
"73",73,0
"74",74,0
"75",75,159.517777324402
"76",76,452.770700148704
"77",77,789.743199576362
"78",78,0
"79",79,0
"80",80,0
"81",81,64.2701019897057
"82",82,223.787879314108
"83",83,426.275339426987
"84",84,568.99428354329
"85",85,568.99428354329
"86",86,64.2701019897057
"87",87,0
"88",88,64.2701019897057
"89",89,179.461632601951
"90",90,381.94909271483
"91",91,560.993257009849
"92",92,560.993257009849
"93",93,64.2701019897057
"94",94,115.191530612245
"95",95,115.191530612245
"96",96,317.678990725125
"97",97,560.993257009849
"98",98,560.993257009849
"99",99,64.2701019897057
"100",100,0
"101",101,0
"102",102,408.444453436547
"103",103,24.4260679008224
"104",104,0
"105",105,0
"106",106,0
"107",107,0
"108",108,0
"109",109,592.724499477724
"110",110,885.977422302026
"111",111,24.4260679008224
"112",112,24.4260679008224
"113",113,0
"114",114,0
"115",115,0
"116",116,0
"117",117,0
"118",118,0
"119",119,0
"120",120,0
"121",121,0
"122",122,0
"123",123,0
"124",124,487.374095238095
"125",125,487.374095238095
"126",126,780.627018062397
"127",127,487.374095238095
"128",128,3.29175844167507
"129",129,3.29175844167507
"130",130,1029.88128679002
"131",131,651.352186808302
"132",132,0
"133",133,1022.85264365089
"134",134,651.352186808302
"135",135,651.352186808302
"136",136,651.352186808302
"137",137,0
"138",138,0
"139",139,0
"140",140,293.252922824302
"141",141,0
"142",142,780.627018062397
"143",143,0
"144",144,1472.0837333978
"145",145,3.29175844167507
"146",146,1029.88128679001
"147",147,3445.51193383211
"148",148,651.352186808302
"149",149,3445.51193383211
"150",150,651.352186808302
"151",151,651.352186808302
"152",152,3445.51193383211
"153",153,651.352186808302
"154",154,213.654797817457
"155",155,213.654797817457
"156",156,1012.85862517269
"157",157,1472.0837333978
"158",158,1475.37549183948
"159",159,1022.85264365089
"160",160,2794.15974702381
"161",161,2794.15974702381
"162",162,2794.15974702381
"163",163,2794.15974702381
"164",164,0
"165",165,213.654797817457
"166",166,0
"167",167,0
"168",168,293.252922824302
"169",169,0
"170",170,1472.0837333978
"171",171,1472.0837333978
"172",172,1472.0837333978
"173",173,1022.85264365089
"174",174,2794.15974702381
"175",175,2794.15974702381
"176",176,2794.15974702381
"177",177,2794.15974702381
"178",178,0
"179",179,328.118909369515
"180",180,0
"181",181,293.252922824302
"182",182,293.252922824302
"183",183,293.252922824302
"184",184,1472.0837333978
"185",185,1472.0837333978
"186",186,1472.0837333978
"187",187,1472.0837333978
"188",188,0
"189",189,2794.15974702381
"190",190,2794.15974702381
"191",191,2794.15974702381
"192",192,2794.15974702381
"193",193,2794.15974702381
"194",194,2908.62385857587
"195",195,114.464111552058
"196",196,2550.81395800736
"197",197,293.252922824302
"198",198,1472.0837333978
"199",199,1472.0837333978
"200",200,459.225108225108
"201",201,1472.0837333978
"202",202,293.252922824302
"203",203,1472.0837333978
"204",204,1472.0837333978
"205",205,0
"206",206,1472.0837333978
"207",207,0
"208",208,1856.9742764574
"209",209,2794.15974702381
"210",210,2794.15974702381
"211",211,2794.15974702381
"212",212,2928.89251189553
"213",213,2928.89251189553
"214",214,2794.15974702381
"215",215,2908.62385857587
"216",216,2617.3625667139
"217",217,868.393507239887
"218",218,1587.99920958828
"219",219,1472.0837333978
"220",220,1128.77410136317
"221",221,1128.77410136317
"222",222,1587.99920958828
"223",223,1472.0837333978
"224",224,0
"225",225,1856.9742764574
"226",226,1856.9742764574
"227",227,2928.89251189553
"228",228,0
"229",229,2794.15974702381
"230",230,2908.62385857587
"231",231,2617.3625667139
"232",232,2550.81395800736
"233",233,293.252922824302
"234",234,1332.42209217269
"235",235,1332.42209217269
"236",236,1332.42209217269
"237",237,1332.42209217269
"238",238,1856.9742764574
"239",239,1856.9742764574
"240",240,2928.89251189553
"241",241,293.252922824302
"242",242,1332.42209217269
"243",243,1332.42209217269
"244",244,1332.42209217269
"245",245,1332.42209217269
"246",246,319.563466999993
"247",247,2278.69257008843
"248",248,0
"249",249,2837.56749306281
"250",250,555.542269848522
"251",251,2554.37219141793
"252",252,2550.81395800736
"253",253,293.252922824302
"254",254,1332.42209217269
"255",255,1332.42209217269
"256",256,1332.42209217269
"257",257,1332.42209217269
"258",258,1332.42209217269
"259",259,1332.42209217269
"260",260,2147.37173844217
"261",261,0
"262",262,293.252922824302
"263",263,319.563466999993
"264",264,1332.42209217269
"265",265,1332.42209217269
"266",266,1012.85862517269
"267",267,1474.18198579429
"268",268,3063.52604532864
"269",269,1091.28615522485
"270",270,1572.33436951057
"271",271,4569.10855479811
"272",272,555.542269848522
"273",273,0
"274",274,293.252922824302
"275",275,293.252922824302
"276",276,3514.53955249015
"277",277,2182.11746031746
"278",278,6716.1087698215
"279",279,1706.96790294367
"280",280,4088.0603405124
"281",281,555.542269848522
"282",282,37.1247691758628
"283",283,940.154884151974
"284",284,0
"285",285,0
"286",286,293.252922824302
"287",287,293.252922824302
"288",288,612.816389824295
"289",289,2182.11746031746
"290",290,2182.11746031746
"291",291,5846.52984126984
"292",292,6462.21158898866
"293",293,2022.25757551429
"294",294,980.192731031661
"295",295,0
"296",296,940.154884151974
"297",297,0
"298",298,0
"299",299,293.252922824302
"300",300,612.816389824295
"301",301,2182.11746031746
"302",302,608.164365079365
"303",303,604.603057242627
"304",304,997.723280330528
"305",305,1279.86415960309
"306",306,1528.01060570879
"307",307,940.154884151974
"308",308,0
"309",309,0
"310",310,0
"311",311,293.252922824302
"312",312,2182.11746031746
"313",313,2320.3123015873
"314",314,2862.2623015873
"315",315,680.144841269841
"316",316,742.797898512468
"317",317,2373.74688975457
"318",318,1528.01060570879
"319",319,940.154884151974
"320",320,1208.73107462816
"321",321,268.576190476191
"322",322,881.526890756302
"323",323,881.526890756302
"324",324,0
"325",325,0
"326",326,0
"327",327,3440.86825396825
"328",328,1404.93547383408
"329",329,826.329521453127
"330",330,1064.09967887021
"331",331,26.8775510204082
"332",332,885.750992063492
"333",333,885.750992063492
"334",334,1293.78027777778
"335",335,408.029285714286
"336",336,881.526890756302
"337",337,881.526890756302
"338",338,0
"339",339,828.380091108019
"340",340,1117.29197277803
"341",341,487.555010091544
"342",342,1778.66582358361
"343",343,885.750992063492
"344",344,885.750992063492
"345",345,1014.67670634921
"346",346,1481.42334695138
"347",347,1481.42334695138
"348",348,881.526890756302
"349",349,1610.91824271303
"350",350,1387.89272620621
"351",351,729.391351956731
"352",352,77.6588798963313
"353",353,1213.85669215711
"354",354,881.526890756302
"355",355,881.526890756302
"356",356,881.526890756303
"357",357,658.501374249478
"358",358,736.160254145809
"359",359,425.478291553733
"360",360,1188.62923308597
"361",361,1188.62923308597
"362",362,1213.85669215711
"363",363,885.750992063492
"364",364,885.750992063492
"365",365,885.750992063492
"366",366,1014.67670634921
"367",367,128.925714285714
"368",368,111.357156475191
"369",369,1014.67670634921
"370",370,240.975546871433
"371",371,310.614404761905
"372",372,181.68869047619
"373",373,293.045846951382
"374",374,293.045846951382
"375",375,1287.87917215157
"376",376,1314.75672317198
"377",377,1215.50678410638
"378",378,99.2499390656017
"379",379,238.177322671729
"380",380,112.049832585719
"381",381,112.049832585719
"382",382,393.385157015003
"383",383,801.730513593204
"384",384,473.512708679879
"385",385,789.508921275142
"386",386,397.151524078421
"387",387,115.816199649137
"388",388,211.299771651321
"389",389,361.46287609416
"390",390,158.582631286762
"391",391,481.109917861102
"392",392,99.2499390656017
"393",393,80.1275516648762
"394",394,45.3640592826788
"395",395,161.180258931816
"396",396,2.59762764505441
"397",397,159.605789439248
"398",398,2.59762764505441
"399",399,69.9653765628033
"400",400,0
"401",401,0
"402",402,881.526890756302
"403",403,881.526890756302
"404",404,881.526890756302
"405",405,881.526890756302
"406",406,1617.68714490211
"407",407,736.160254145809
"408",408,485.302854384313
"409",409,881.526890756303
"410",410,881.526890756302
"411",411,961.666573295985
"412",412,80.1396825396825
"413",413,0
"414",414,59.8245628305799
"415",415,59.8245628305799
"416",416,334.017319706174
"417",417,334.017319706174
"418",418,336.614947351228
"419",419,2.59762764505441
"420",420,159.982977118865
"421",421,159.982977118865
"422",422,108.677728201116
"423",423,0
"424",424,2333.12666666667
"425",425,1602.68373015873
"426",426,1602.68373015873
"427",427,274.196349206349
"428",428,194.056666666667
"429",429,0
"430",430,0
"431",431,334.017319706174
"432",432,334.017319706174
"433",433,9.94615251907193
"434",434,169.929129637937
"435",435,159.982977118865
"436",436,67.3677489177489
"437",437,6.31617500373645
"438",438,16.0625
"439",439,0
"440",440,3935.8103968254
"441",441,1602.68373015873
"442",442,1796.7403968254
"443",443,194.056666666667
"444",444,0
"445",445,0
"446",446,0
"447",447,0
"448",448,0
"449",449,0
"450",450,338.694748324304
"451",451,12.0259534921477
"452",452,174.606558256067
"453",453,92.6152282011158
"454",454,67.3677489177489
"455",455,0
"456",456,59.1155137114986
"457",457,6.31617500373645
"458",458,0
"459",459,0
"460",460,52.7993387077622
"461",461,52.7993387077622
"462",462,3084.71067975185
"463",463,2354.26774324391
"464",464,420.294166666667
"465",465,226.2375
"466",466,0
"467",467,0
"468",468,0
"469",469,0
"470",470,4.67742861813023
"471",471,4.67742861813023
"472",472,97.2926568192461
"473",473,159.982977118865
"474",474,67.3677489177489
"475",475,52.7993387077622
"476",476,52.7993387077622
"477",477,104.249735533159
"478",478,51.4503968253968
"479",479,51.4503968253968
"480",480,3361.03860665347
"481",481,750.627215540545
"482",482,739.026111111111
"483",483,390.790277777778
"484",484,226.2375
"485",485,0
"486",486,0
"487",487,0
"488",488,0
"489",489,0
"490",490,0
"491",491,0
"492",492,0
"493",493,145.414566908878
"494",494,120.167087625511
"495",495,2729.54625296665
"496",496,408.020690729418
"497",497,11.6011044294339
"498",498,0
"499",499,0
"500",500,0
"501",501,0
"502",502,0
"503",503,0
"504",504,0
"505",505,0
"506",506,52.7993387077622
"507",507,0
"508",508,0
"509",509,1058.00241698915
"510",510,0
"511",511,231.56256622099
"512",512,106.33293659136
"513",513,1005.20307828139
"514",514,178.763227513228
"515",515,178.763227513228
"516",516,125.22962962963
"517",517,0
"518",518,51.4503968253968
"519",519,51.4503968253968
"520",520,879.973448651759
"521",521,879.973448651759
"522",522,882.592940441654
"523",523,181.382719303122
"524",524,178.763227513228
"525",525,125.22962962963
"526",526,0
"527",527,13.0319047619048
"528",528,0
"529",529,51.4503968253968
"530",530,39.5395347788245
"531",531,13.0319047619048
"532",532,13.0319047619048
"533",533,0
"534",534,0
"535",535,0
"536",536,0
"537",537,0
"538",538,0
"539",539,0
"540",540,0
"541",541,0
"542",542,0
"543",543,0
"544",544,145.632163297068
"545",545,327.363119580961
"546",546,1398.80415724557
"547",547,373.198545296739
"548",548,373.198545296739
"549",549,0
"550",550,91.2019348521916
"551",551,0
"552",552,0
"553",553,0
"554",554,0
"555",555,0
"556",556,0
"557",557,0
"558",558,0
"559",559,0
"560",560,0
"561",561,0
"562",562,0
"563",563,321.753675814506
"564",564,459.687666943754
"565",565,319.664947413141
"566",566,319.664947413141
"567",567,319.664947413141
"568",568,91.2019348521916
"569",569,0
"570",570,3.0623979763559e-14
"571",571,3.0623979763559e-14
"572",572,3.0623979763559e-14
"573",573,0
"574",574,0
"575",575,0
"576",576,0
"577",577,0
"578",578,206.306547619048
"579",579,0
"580",580,0
"581",581,327.363119580961
"582",582,387.127080619922
"583",583,944.802527048493
"584",584,939.193083282039
"585",585,799.170363751425
"586",586,557.675446428571
"587",587,0
"588",588,206.306547619048
"589",589,0
"590",590,0
"591",591,65.0402900909296
"592",592,4862.95325907591
"593",593,4862.95325907591
"594",594,560.665398405131
"595",595,557.675446428571
"596",596,557.675446428571
"597",597,0
"598",598,0
"599",599,4853.25742574257
"600",600,6908.7538245521
"601",601,1497.82095238095
"602",602,0
"603",603,0
"604",604,5907.9505952381
"605",605,5907.9505952381
"606",606,206.306547619048
"607",607,84.2902254006916
"608",608,0
"609",609,55.3444567575963
"610",610,4918.2977158335
"611",611,7008.30897449025
"612",612,6998.61314115692
"613",613,7008.30897449025
"614",614,6351.07837812353
"615",615,1497.82095238095
"616",616,1497.82095238095
"617",617,0
"618",618,10489.4831911072
"619",619,2522.02969645019
"620",620,2521.5416012121
"621",621,2437.25137581141
"622",622,10385.2433142675
"623",623,7931.16604031357
"624",624,13565.8297307898
"625",625,4305.44855298872
"626",626,176.36558781054
"627",627,3694.10674603175
"628",628,3694.10674603175
"629",629,4969.58988095238
"630",630,1404.21666666667
"631",631,1404.21666666667
"632",632,0
"633",633,0
"634",634,12606.9913168552
"635",635,3991.66004861208
"636",636,6078.62030102095
"637",637,3694.10674603175
"638",638,128.733531746032
"639",639,4969.58988095238
"640",640,1404.21666666667
"641",641,1404.21666666667
"642",642,0
"643",643,0
"644",644,12606.9913168552
"645",645,4025.40821313818
"646",646,2515.19718947887
"647",647,4020.41760510963
"648",648,3890.86342535147
"649",649,325.490211065752
"650",650,3762.12989360543
"651",651,4969.58988095238
"652",652,1404.21666666667
"653",653,0
"654",654,0
"655",655,0
"656",656,3762.12989360543
"657",657,3565.37321428571
"658",658,0
"659",659,0
"660",660,3776.36951563051
"661",661,4418.84517622714
"662",662,2272.87113743012
"663",663,2256.90947797467
"664",664,2256.90947797467
"665",665,2014.58342592593
"666",666,2256.90947797467
"667",667,8705.10892857143
"668",668,8705.10892857143
"669",669,8705.10892857143
"670",670,14208.686975948
"671",671,3997.84487860809
"672",672,2272.87113743012
"673",673,2014.58342592593
"674",674,2014.58342592593
"675",675,2014.58342592593
"676",676,0
"677",677,0
"678",678,8705.10892857143
"679",679,0
"680",680,11279.4243867244
"681",681,1910.00347163793
"682",682,5577.78033910534
"683",683,1910.00347163793
"684",684,2272.87113743012
"685",685,2014.58342592593
"686",686,2014.58342592593
"687",687,2014.58342592593
"688",688,0
"689",689,1579.74220238095
"690",690,1579.74220238095
"691",691,0
"692",692,847.106926406926
"693",693,1910.00347163793
"694",694,5062.96957935449
"695",695,2710.79434952711
"696",696,2710.79434952711
"697",697,2710.79434952711
"698",698,0
"699",699,1579.74220238095
"700",700,1579.74220238095
"701",701,0
"702",702,1021.77212353804
"703",703,2093.88751832319
"704",704,2093.88751832319
"705",705,9144.58338337471
"706",706,9491.96656519289
"707",707,9452.34335933788
"708",708,9452.34335933788
"709",709,0
"710",710,0
"711",711,11128.5783549784
"712",712,2228.19362238685
"713",713,1021.77212353804
"714",714,2093.88751832319
"715",715,1021.77212353804
"716",716,2093.88751832319
"717",717,9144.58338337471
"718",718,9491.96656519289
"719",719,0
"720",720,0
"721",721,0
"722",722,0
"723",723,12191.4749002094
"724",724,1910.00347163793
"725",725,1021.77212353804
"726",726,1021.77212353804
"727",727,1021.77212353804
"728",728,0
"729",729,0
"730",730,0
"731",731,9491.96656519289
"732",732,0
"733",733,9144.58338337471
"734",734,0
"735",735,9144.58338337471
"736",736,0
"737",737,0
"738",738,9491.96656519289
"739",739,9491.96656519289
"740",740,0
"741",741,0
"742",742,477.697820226084
"743",743,9144.58338337471
"744",744,9491.96656519289
"745",745,9144.58338337471
"746",746,9491.96656519289
"747",747,0
"748",748,13038.5818266163
"749",749,30.0910714285714
"750",750,1051.86319496661
"751",751,1021.77212353804
"752",752,1021.77212353804
"753",753,1910.00347163793
"754",754,477.697820226084
"755",755,731.035175835235
"756",756,347.383181818182
"757",757,208.156946345036
"758",758,208.156946345036
"759",759,555.540128163218
"760",760,208.156946345036
"761",761,0
"762",762,477.697820226084
"763",763,253.337355609151
"764",764,0
"765",765,0
"766",766,0
"767",767,1.68504260960019
"768",768,1439.75277635203
"769",769,208.156946345036
"770",770,208.156946345036
"771",771,0
"772",772,1.68504260960019
"773",773,6115.26488095238
"774",774,443.711904761905
"775",775,1940.0945430665
"776",776,1021.77212353804
"777",777,8025.26835259031
"778",778,1910.00347163793
"779",779,1910.00347163793
"780",780,1910.00347163793
"781",781,253.337355609151
"782",782,0
"783",783,347.383181818182
"784",784,347.383181818182
"785",785,1439.75277635203
"786",786,1439.75277635203
"787",787,263.190395394019
"788",788,79.7414847632688
"789",789,0
"790",790,0
"791",791,1910.00347163793
"792",792,1910.00347163793
"793",793,8025.26835259031
"794",794,1021.77212353804
"795",795,1021.77212353804
"796",796,6488.08714285714
"797",797,0
"798",798,1950.59299544745
"799",799,1918.1251383046
"800",800,1910.00347163793
"801",801,1910.00347163793
"802",802,143.759045942232
"803",803,1910.00347163793
"804",804,1910.00347163793
"805",805,143.759045942232
"806",806,143.759045942232
"807",807,145.444088551832
"808",808,145.444088551832
"809",809,143.759045942232
"810",810,1439.75277635203
"811",811,1583.51182229426
"812",812,143.759045942232
"813",813,1439.75277635203
"814",814,1519.4942611153
"815",815,1519.4942611153
"816",816,1.68504260960019
"817",817,108.070132534895
"818",818,1439.75277635203
"819",819,2986.44731967929
"820",820,144.291039526921
"821",821,1546.69454332727
"822",822,108.070132534894
"823",823,1654.76467586216
"824",824,1546.69454332727
"825",825,144.291039526921
"826",826,144.291039526921
"827",827,144.291039526921
"828",828,786.443095238095
"829",829,6768.83423280423
"830",830,2190.75056158502
"831",831,1910.00347163793
"832",832,143.759045942232
"833",833,143.759045942232
"834",834,251.829178477126
"835",835,1654.76467586216
"836",836,1546.69454332727
"837",837,1546.69454332727
"838",838,108.070132534895
"839",839,108.070132534895
"840",840,0
"841",841,786.443095238095
"842",842,786.443095238095
"843",843,6768.83423280423
"844",844,7892.39460920407
"845",845,1910.00347163793
"846",846,2977.19365682312
"847",847,2190.75056158502
"848",848,7611.64751925698
"849",849,1910.00347163793
"850",850,1910.00347163793
"851",851,108.070132534895
"852",852,189.115
"853",853,273.822653061225
"854",854,1546.69454332727
"855",855,1546.69454332727
"856",856,108.070132534895
"857",857,108.070132534895
"858",858,786.443095238095
"859",859,786.443095238095
"860",860,1067.19018518519
"861",861,539.476474164134
"862",862,584.74728161755
"863",863,865.49437156464
"864",864,865.49437156464
"865",865,539.476474164134
"866",866,539.476474164134
"867",867,584.74728161755
"868",868,584.74728161755
"869",869,1910.00347163793
"870",870,0
"871",871,1910.00347163793
"872",872,273.822653061225
"873",873,0
"874",874,1820.51719638849
"875",875,273.822653061225
"876",876,1546.69454332727
"877",877,1546.69454332727
"878",878,217.485821310405
"879",879,84.7076530612245
"880",880,228.998692588145
"881",881,539.476474164134
"882",882,539.476474164134
"883",883,584.74728161755
"884",884,584.74728161755
"885",885,0
"886",886,2.22571428571429
"887",887,0
"888",888,0
"889",889,6252.06849483118
"890",890,6252.06849483118
"891",891,6373.29216143913
"892",892,6373.29216143913
"893",893,6373.29216143913
"894",894,3599.51589875081
"895",895,517.517708333333
"896",896,539.476474164134
"897",897,584.74728161755
"898",898,584.74728161755
"899",899,584.74728161755
"900",900,1023.99783782375
"901",901,1023.99783782375
"902",902,539.476474164134
"903",903,584.74728161755
"904",904,584.74728161755
"905",905,584.74728161755
"906",906,540.517788877789
"907",907,540.517788877789
"908",908,538.292074592075
"909",909,538.292074592075
"910",910,6252.06849483118
"911",911,6252.06849483118
"912",912,6373.29216143913
"913",913,6373.29216143913
"914",914,6373.29216143913
"915",915,6769.58620316451
"916",916,633.374851190476
"917",917,539.476474164134
"918",918,584.74728161755
"919",919,584.74728161755
"920",920,584.74728161755
"921",921,538.292074592075
"922",922,538.292074592075
"923",923,538.292074592075
"924",924,0
"925",925,6252.06849483118
"926",926,6252.06849483118
"927",927,6252.06849483118
"928",928,6373.29216143913
"929",929,3081.99819041748
"930",930,6373.29216143913
"931",931,6252.06849483118
"932",932,3478.29223214286
"933",933,3594.149375
"934",934,0
"935",935,539.476474164134
"936",936,584.74728161755
"937",937,584.74728161755
"938",938,538.292074592075
"939",939,538.292074592075
"940",940,503.250732600733
"941",941,0
"942",942,0
"943",943,539.476474164134
"944",944,539.476474164134
"945",945,584.74728161755
"946",946,584.74728161755
"947",947,538.292074592075
"948",948,940.893625746569
"949",949,0
"950",950,539.476474164134
"951",951,539.476474164134
"952",952,584.74728161755
"953",953,584.74728161755
"954",954,0
"955",955,905.852283755227
"956",956,0
"957",957,0
"958",958,539.476474164134
"959",959,433.8336996337
"960",960,433.8336996337
"961",961,479.104507087116
"962",962,402.601551154494
"963",963,1278.23648036074
"964",964,0
"965",965,0
"966",966,6252.06849483118
"967",967,6252.06849483118
"968",968,6373.29216143913
"969",969,6373.29216143913
"970",970,6252.06849483118
"971",971,6252.06849483118
"972",972,6885.44334602165
"973",973,539.476474164134
"974",974,433.8336996337
"975",975,433.8336996337
"976",976,433.8336996337
"977",977,402.601551154494
"978",978,1278.23648036074
"979",979,0
"980",980,0
"981",981,5256.46841419889
"982",982,5256.46841419889
"983",983,5256.46841419889
"984",984,5256.46841419889
"985",985,5256.46841419889
"986",986,5256.46841419889
"987",987,5256.46841419889
"988",988,3846.37183396815
"989",989,9222.80539959308
"990",990,6885.44334602166
"991",991,539.476474164134
"992",992,973.310173797833
"993",993,433.8336996337
"994",994,433.8336996337
"995",995,0
"996",996,875.634929206241
"997",997,875.634929206241
"998",998,875.634929206241
"999",999,5256.46841419889
"1000",1000,5256.46841419889
"1001",1001,5256.46841419889
"1002",1002,5256.46841419889
"1003",1003,55.4105353350527
"1004",1004,0
"1005",1005,0
"1006",1006,0
"1007",1007,539.476474164134
"1008",1008,539.476474164134
"1009",1009,433.8336996337
"1010",1010,436.340111057825
"1011",1011,2.50641142412494
"1012",1012,875.634929206241
"1013",1013,875.634929206241
"1014",1014,875.634929206241
"1015",1015,875.634929206241
"1016",1016,0
"1017",1017,5256.46841419889
"1018",1018,5256.46841419889
"1019",1019,5256.46841419889
"1020",1020,5256.46841419889
"1021",1021,875.634929206241
"1022",1022,1640.51383491171
"1023",1023,37.6608516483516
"1024",1024,539.476474164134
"1025",1025,551.963093661294
"1026",1026,1071.02608058608
"1027",1027,436.340111057825
"1028",1028,2.50641142412494
"1029",1029,1119.01364096943
"1030",1030,875.634929206241
"1031",1031,875.634929206241
"1032",1032,0
"1033",1033,5256.46841419889
"1034",1034,5256.46841419889
"1035",1035,539.476474164134
"1036",1036,539.476474164134
"1037",1037,637.192380952381
"1038",1038,639.698792376506
"1039",1039,316.487504139695
"1040",1040,1120.20451433202
"1041",1041,876.825802568832
"1042",1042,876.825802568832
"1043",1043,875.634929206241
"1044",1044,875.634929206241
"1045",1045,1632.62038253076
"1046",1046,1632.62038253076
"1047",1047,1632.62038253076
"1048",1048,1632.62038253076
"1049",1049,1497.53745620322
"1050",1050,539.476474164134
"1051",1051,637.192380952381
"1052",1052,637.192380952381
"1053",1053,637.192380952381
"1054",1054,1637.97525938224
"1055",1055,1120.20451433202
"1056",1056,876.825802568832
"1057",1057,876.825802568832
"1058",1058,875.634929206241
"1059",1059,1632.62038253076
"1060",1060,3051.10361450645
"1061",1061,1632.62038253076
"1062",1062,1632.62038253076
"1063",1063,1632.62038253076
"1064",1064,3171.00998822052
"1065",1065,1501.93586890163
"1066",1066,1176.66885511651
"1067",1067,637.192380952381
"1068",1068,637.192380952381
"1069",1069,1000.78287842986
"1070",1070,1119.01364096943
"1071",1071,875.634929206241
"1072",1072,8662.0456328242
"1073",1073,8662.0456328242
"1074",1074,8662.0456328242
"1075",1075,3051.10361450645
"1076",1076,2175.46868530021
"1077",1077,1632.62038253076
"1078",1078,1632.62038253076
"1079",1079,1632.62038253076
"1080",1080,1724.05523068977
"1081",1081,313.981092715571
"1082",1082,0
"1083",1083,875.634929206241
"1084",1084,7625.06205473169
"1085",1085,8820.34014301914
"1086",1086,9539.16211794437
"1087",1087,7786.41070361796
"1088",1088,2175.46868530021
"1089",1089,1632.62038253076
"1090",1090,1662.38778179816
"1091",1091,1489.64400382226
"1092",1092,2976.11023550725
"1093",1093,3005.87763477465
"1094",1094,1752.75141432641
"1095",1095,1752.75141432641
"1096",1096,5151.57892080745
"1097",1097,3009.10752895454
"1098",1098,2175.46868530021
"1099",1099,3724.69960969988
"1100",1100,8820.34014301914
"1101",1101,8820.34014301914
"1102",1102,2175.46868530021
"1103",1103,3638.57518403497
"1104",1104,3005.87763477465
"1105",1105,3635.34528985507
"1106",1106,576.612770562771
"1107",1107,576.61277056277
"1108",1108,576.61277056277
"1109",1109,576.61277056277
"1110",1110,1452.24769976901
"1111",1111,2590.73280697671
"1112",1112,3705.46914724641
"1113",1113,7625.06205473169
"1114",1114,3209.39812470139
"1115",1115,3209.39812470139
"1116",1116,1749.52152014652
"1117",1117,7786.41070361796
"1118",1118,5151.57892080745
"1119",1119,3740.46184257018
"1120",1120,77.5498213486488
"1121",1121,5384.86681000159
"1122",1122,3924.99020544673
"1123",1123,1749.52152014652
"1124",1124,9535.93222376448
"1125",1125,2175.46868530021
"1126",1126,5322.03128652765
"1127",1127,3707.28957224194
"1128",1128,1516.23363095238
"1129",1129,6860.99339052705
"1130",1130,4469.65490877799
"1131",1131,4469.65490877799
"1132",1132,6645.1235940782
"1133",1133,6645.1235940782
"1134",1134,4546.26230532474
"1135",1135,3705.46914724641
"1136",1136,1452.24769976901
"1137",1137,1452.24769976901
"1138",1138,1452.24769976901
"1139",1139,576.61277056277
"1140",1140,576.61277056277
"1141",1141,1432.03955627706
"1142",1142,576.61277056277
"1143",1143,576.61277056277
"1144",1144,576.61277056277
"1145",1145,1452.24769976901
"1146",1146,3628.86175069966
"1147",1147,2293.76115501981
"1148",1148,4469.65490877799
"1149",1149,4469.65490877799
"1150",1150,4469.65490877799
"1151",1151,4469.65490877799
"1152",1152,4469.65490877799
"1153",1153,4509.36158067752
"1154",1154,4432.31664221122
"1155",1155,2865.18237312581
"1156",1156,3.22989417989418
"1157",1157,4479.92408741152
"1158",1158,686.801785714286
"1159",1159,855.426785714286
"1160",1160,855.426785714286
"1161",1161,855.426785714286
"1162",1162,576.61277056277
"1163",1163,1452.24769976901
"1164",1164,2590.73280697671
"1165",1165,0
"1166",1166,821.934808080808
"1167",1167,2405.27446310062
"1168",1168,5258.92232941291
"1169",1169,4473.24955163513
"1170",1170,5258.92232941291
"1171",1171,2369.54076530612
"1172",1172,731.179336734694
"1173",1173,2301.5435
"1174",1174,821.934808080808
"1175",1175,821.934808080808
"1176",1176,1508.73659379509
"1177",1177,2301.5435
"1178",1178,3907.01067821068
"1179",1179,2301.5435
"1180",1180,785.672777777778
"1181",1181,0
"1182",1182,3114.60075757576
"1183",1183,3114.60075757576
"1184",1184,3936.53556565657
"1185",1185,821.934808080808
"1186",1186,821.934808080808
"1187",1187,785.672777777778
"1188",1188,576.61277056277
"1189",1189,1452.24769976901
"1190",1190,576.612770562771
"1191",1191,855.426785714286
"1192",1192,855.426785714286
"1193",1193,0
"1194",1194,855.426785714286
"1195",1195,855.426785714286
"1196",1196,0
"1197",1197,0
"1198",1198,0
"1199",1199,785.672777777778
"1200",1200,812.887134920635
"1201",1201,0
"1202",1202,3114.60075757576
"1203",1203,3114.60075757576
"1204",1204,0
"1205",1205,0
"1206",1206,0
"1207",1207,3114.60075757576
"1208",1208,3114.60075757576
"1209",1209,3172.21994805195
"1210",1210,57.6191904761905
"1211",1211,0
"1212",1212,214.154761904762
"1213",1213,214.154761904762
"1214",1214,121.83193877551
"1215",1215,121.83193877551
"1216",1216,121.83193877551
"1217",1217,127.006615416148
"1218",1218,0
"1219",1219,0
"1220",1220,426.643889794107
"1221",1221,426.643889794107
"1222",1222,99.0597619047619
"1223",1223,3213.66051948052
"1224",1224,3271.01423376623
"1225",1225,57.3537142857143
"1226",1226,0
"1227",1227,125.067619047619
"1228",1228,125.067619047619
"1229",1229,246.899557823129
"1230",1230,121.83193877551
"1231",1231,121.83193877551
"1232",1232,90.212619047619
"1233",1233,0
"1234",1234,0
"1235",1235,626.29853265125
"1236",1236,626.29853265125
"1237",1237,3182.57257333066
"1238",1238,99.0597619047619
"1239",1239,99.0597619047619
"1240",1240,50.6165714285714
"1241",1241,0
"1242",1242,125.067619047619
"1243",1243,125.067619047619
"1244",1244,125.067619047619
"1245",1245,125.067619047619
"1246",1246,121.83193877551
"1247",1247,0
"1248",1248,0
"1249",1249,426.643889794107
"1250",1250,426.643889794107
"1251",1251,426.643889794107
"1252",1252,3241.71716516739
"1253",1253,11587.7538513304
"1254",1254,11686.8136132352
"1255",1255,321.033348762244
"1256",1256,321.033348762244
"1257",1257,0
"1258",1258,0
"1259",1259,0
"1260",1260,0
"1261",1261,0
"1262",1262,137.460833333333
"1263",1263,137.460833333333
"1264",1264,1093.1541005291
"1265",1265,426.643889794107
"1266",1266,0
"1267",1267,137.460833333333
"1268",1268,137.460833333333
"1269",1269,1093.1541005291
"1270",1270,426.643889794107
"1271",1271,426.643889794107
"1272",1272,158.204353741497
"1273",1273,3241.71716516739
"1274",1274,12830.1954786513
"1275",1275,1242.44162732091
"1276",1276,0
"1277",1277,0
"1278",1278,0
"1279",1279,137.460833333333
"1280",1280,137.460833333333
"1281",1281,1093.1541005291
"1282",1282,426.643889794107
"1283",1283,426.643889794107
"1284",1284,158.204353741497
"1285",1285,158.204353741497
"1286",1286,11908.7872000926
"1287",1287,1242.44162732091
"1288",1288,0
"1289",1289,0
"1290",1290,0
"1291",1291,137.460833333333
"1292",1292,137.460833333333
"1293",1293,1093.1541005291
"1294",1294,1519.79799032321
"1295",1295,426.643889794107
"1296",1296,0
"1297",1297,158.204353741497
"1298",1298,158.204353741497
"1299",1299,11838.2894183432
"1300",1300,11908.7872000926
"1301",1301,321.033348762244
"1302",1302,0
"1303",1303,0
"1304",1304,0
"1305",1305,0
"1306",1306,1093.1541005291
"1307",1307,1127.97421247032
"1308",1308,0
"1309",1309,0
"1310",1310,250.535567012795
"1311",1311,7225.98627332808
"1312",1312,11.8288572295151
"1313",1313,11.8288572295151
"1314",1314,0
"1315",1315,0
"1316",1316,0
"1317",1317,1442.6100766521
"1318",1318,3613.48245546722
"1319",1319,15827.3282261386
"1320",1320,18818.564464214
"1321",1321,26550.0082163766
"1322",1322,23874.6382987818
"1323",1323,6975.45070631529
"1324",1324,6975.45070631529
"1325",1325,2048.165338711
"1326",1326,2048.165338711
"1327",1327,11.8288572295151
"1328",1328,6970.14081490147
"1329",1329,1442.6100766521
"1330",1330,13624.019481414
"1331",1331,18577.8461766003
"1332",1332,13671.9597609293
"1333",1333,5445.89349871569
"1334",1334,2048.165338711
"1335",1335,11.8288572295151
"1336",1336,6472.02843923744
"1337",1337,0
"1338",1338,0
"1339",1339,0
"1340",1340,0
"1341",1341,0
"1342",1342,42.6304718659559
"1343",1343,0
"1344",1344,9317.63666009135
"1345",1345,17081.5167781635
"1346",1346,3409.5570172342
"1347",1347,3409.5570172342
"1348",1348,3409.5570172342
"1349",1349,193.930883027573
"1350",1350,0
"1351",1351,0
"1352",1352,42.6304718659559
"1353",1353,1120.34875015198
"1354",1354,4487.27529552023
"1355",1355,3409.5570172342
"1356",1356,3409.5570172342
"1357",1357,3409.5570172342
"1358",1358,6472.02843923744
"1359",1359,193.930883027573
"1360",1360,0
"1361",1361,0
"1362",1362,80.5634259259259
"1363",1363,123.193897791882
"1364",1364,42.6304718659559
"1365",1365,4487.27529552023
"1366",1366,3409.5570172342
"1367",1367,3409.5570172342
"1368",1368,3409.5570172342
"1369",1369,6472.02843923744
"1370",1370,6472.02843923744
"1371",1371,6472.02843923744
"1372",1372,80.5634259259259
"1373",1373,80.5634259259259
"1374",1374,80.5634259259259
"1375",1375,80.5634259259259
"1376",1376,80.5634259259259
"1377",1377,0
"1378",1378,0
"1379",1379,0
"1380",1380,80.5634259259259
"1381",1381,274.494308953499
"1382",1382,193.930883027573
"1383",1383,80.5634259259259
"1384",1384,274.494308953499
"1385",1385,6552.59186516336
"1386",1386,0
"1387",1387,80.5634259259259
"1388",1388,274.494308953499
"1389",1389,274.494308953499
"1390",1390,80.5634259259259
"1391",1391,80.5634259259259
"1392",1392,80.5634259259259
