"","Element ID","/Layer_1/Pumping by Element_Outflow (-)(AF/year)"
"1",1,197.239919858645
"2",2,213.327779707342
"3",3,179.129531148142
"4",4,0
"5",5,644.716170937415
"6",6,215.460310689235
"7",7,346.061380966254
"8",8,1207.43737348771
"9",9,202.185296648412
"10",10,12.0574584756383
"11",11,701.9066704148
"12",12,1658.25265201872
"13",13,1455.87831366697
"14",14,826.512487357659
"15",15,623.887821629794
"16",16,39.6329909194832
"17",17,46.0716546072896
"18",18,237.16620107857
"19",19,2752.26941154831
"20",20,1394.99614469382
"21",21,226.533657914365
"22",22,0
"23",23,0
"24",24,0
"25",25,169.911839855417
"26",26,2494.53269193874
"27",27,1484.70611780109
"28",28,137.251783868707
"29",29,314.490316597626
"30",30,0
"31",31,0
"32",32,2.57529220820843
"33",33,61.1326833061433
"34",34,113.677327997131
"35",35,1678.42202360315
"36",36,486.636366129175
"37",37,0
"38",38,0
"39",39,0
"40",40,0
"41",41,0
"42",42,7.98765000019641
"43",43,263.423089900075
"44",44,0
"45",45,0
"46",46,0
"47",47,0
"48",48,0
"49",49,0
"50",50,0
"51",51,4.47107335531661
"52",52,234.61391648361
"53",53,0
"54",54,0
"55",55,0
"56",56,0
"57",57,0
"58",58,127.986954591743
"59",59,0
"60",60,0
"61",61,0
"62",62,1021.55215778729
"63",63,2651.95481592015
"64",64,5153.76197500921
"65",65,0
"66",66,0
"67",67,0
"68",68,2600.08251794385
"69",69,7470.72187205095
"70",70,20270.2297429027
"71",71,7746.55901018755
"72",72,0
"73",73,0
"74",74,357.490081770958
"75",75,5860.63233280953
"76",76,6304.59526513575
"77",77,125.885655030424
"78",78,424.51455580219
"79",79,0
"80",80,531.871430090302
"81",81,320.727621978408
"82",82,9598.58693473783
"83",83,14588.9940195124
"84",84,1513.26450210829
"85",85,3.69890382205799
"86",86,0
"87",87,100.214372717366
"88",88,2295.77418400527
"89",89,7542.63558183213
"90",90,6037.70009749647
"91",91,1159.7805543116
"92",92,64.8570893109234
"93",93,359.444067670048
"94",94,3151.73968321641
"95",95,14528.4764742414
"96",96,8468.57854923492
"97",97,2082.99269257925
"98",98,526.277670544303
"99",99,5.52615193152628
"100",100,0
"101",101,6482.06432644879
"102",102,4232.08759675305
"103",103,13273.4764387961
"104",104,24616.2981120481
"105",105,1777.99023362146
"106",106,112.399663399757
"107",107,1.90468067126116
"108",108,3451.15062124381
"109",109,3541.94044916353
"110",110,4213.26247075664
"111",111,15175.8028955883
"112",112,16101.4024569788
"113",113,16308.9463452791
"114",114,26934.4652668732
"115",115,313.694107311085
"116",116,16123.9443289527
"117",117,16684.9365037607
"118",118,7198.81814294987
"119",119,6116.3151415457
"120",120,5351.11997239424
"121",121,0
"122",122,64.3492067329643
"123",123,2361.13394006799
"124",124,4800.16469925288
"125",125,16288.6298142483
"126",126,8013.35838957557
"127",127,10952.3116487187
"128",128,18730.8064905149
"129",129,10586.267948769
"130",130,3714.10688469084
"131",131,10302.6157647361
"132",132,17149.4438488097
"133",133,3706.09411280712
"134",134,11541.3582516484
"135",135,22516.3140767735
"136",136,12557.2307771606
"137",137,0
"138",138,0
"139",139,559.794669692456
"140",140,9914.24501242466
"141",141,29395.719103973
"142",142,7295.85074827944
"143",143,26850.4207969699
"144",144,758.545438719091
"145",145,9887.39713774914
"146",146,4624.79167203069
"147",147,247.054051240839
"148",148,5615.03012701957
"149",149,271.240294606638
"150",150,2987.64075896689
"151",151,379.911740115949
"152",152,322.376967801355
"153",153,6608.64526131022
"154",154,356.624098178151
"155",155,223.850047119628
"156",156,4523.08916013099
"157",157,941.678273565739
"158",158,2137.67206020785
"159",159,3061.08406043708
"160",160,2278.4734186113
"161",161,2583.64448538931
"162",162,2727.63208823128
"163",163,1035.43745868764
"164",164,666.461020400432
"165",165,3585.12264625718
"166",166,0
"167",167,1480.61418521968
"168",168,13520.9737586675
"169",169,25288.5000388381
"170",170,746.02785585117
"171",171,1616.78648358511
"172",172,2062.95564494749
"173",173,11341.4327210338
"174",174,2356.26916492119
"175",175,2365.79457041139
"176",176,2591.10610471471
"177",177,2136.39467822317
"178",178,33356.3494446118
"179",179,10669.8329054578
"180",180,0.183623839425306
"181",181,997.442796064918
"182",182,9772.63823599019
"183",183,9021.44391615358
"184",184,1076.11324257915
"185",185,1297.81261729011
"186",186,1683.61577343013
"187",187,2010.79800287181
"188",188,31619.9411370337
"189",189,749.543664661817
"190",190,554.897373865543
"191",191,1910.89919300825
"192",192,2432.89039126728
"193",193,2812.32822204275
"194",194,2737.67293914217
"195",195,17166.9914872399
"196",196,4391.33997706725
"197",197,4183.89851166581
"198",198,838.141162001665
"199",199,1075.41708434987
"200",200,8082.51681895911
"201",201,2207.53397187691
"202",202,2674.48539546709
"203",203,859.44419656599
"204",204,1070.09307917293
"205",205,10256.1220042261
"206",206,1260.73673145264
"207",207,21788.706948344
"208",208,1944.72060248503
"209",209,576.286929927837
"210",210,1899.35677579627
"211",211,824.079438617981
"212",212,700.780191518203
"213",213,2489.10622369543
"214",214,1082.2275240816
"215",215,1125.08968309551
"216",216,6959.91632122443
"217",217,1287.65405851621
"218",218,665.174749899447
"219",219,910.187651548031
"220",220,914.814939342243
"221",221,2345.89608923623
"222",222,1119.2220730041
"223",223,1249.56319600832
"224",224,23779.1876288108
"225",225,1932.68522850549
"226",226,1773.14167557174
"227",227,825.079729311774
"228",228,24407.30853752
"229",229,1645.88758802643
"230",230,2898.72925909245
"231",231,6968.10819158218
"232",232,6087.03351916588
"233",233,7301.00696460614
"234",234,1674.9200612461
"235",235,1130.32643599007
"236",236,676.321454465653
"237",237,1055.366039517
"238",238,2034.00491761459
"239",239,535.038857647897
"240",240,558.186324187791
"241",241,10136.1133402634
"242",242,959.789730534253
"243",243,1579.22121809812
"244",244,706.037803173304
"245",245,1311.53747083078
"246",246,3724.51684482257
"247",247,672.997909082148
"248",248,3694.27872895784
"249",249,1790.67313200152
"250",250,15019.3236298162
"251",251,13251.1389162176
"252",252,11201.7893340448
"253",253,3409.46470736406
"254",254,459.48793185109
"255",255,2028.95739428062
"256",256,2535.26766534049
"257",257,917.396258628109
"258",258,615.836436194169
"259",259,1348.64875112092
"260",260,1165.96968060908
"261",261,0
"262",262,15352.9128770019
"263",263,22947.5816123346
"264",264,366.833948257298
"265",265,692.197667415604
"266",266,1852.13685625024
"267",267,5346.62650244589
"268",268,1957.36585380048
"269",269,1363.75852260713
"270",270,829.379998228983
"271",271,342.680528394475
"272",272,6586.33245625944
"273",273,0
"274",274,10502.1776448117
"275",275,25416.8008692141
"276",276,432.656656510834
"277",277,2121.44666716513
"278",278,243.962113662648
"279",279,1915.42143270104
"280",280,488.392251754726
"281",281,13918.5129984789
"282",282,19474.7294642268
"283",283,9346.20889843052
"284",284,0
"285",285,4961.15933400384
"286",286,13483.4678260203
"287",287,16722.6868320662
"288",288,3807.14415144525
"289",289,4118.70024169929
"290",290,2108.27958707529
"291",291,1312.72690871481
"292",292,521.564555128709
"293",293,2384.4931461171
"294",294,10628.4224440348
"295",295,17639.4083106555
"296",296,11037.3385058206
"297",297,56.9737743150596
"298",298,1045.25360345751
"299",299,15515.6375810709
"300",300,11348.2562752114
"301",301,3242.15858230023
"302",302,15463.3133666598
"303",303,14514.3966396952
"304",304,3141.36650547891
"305",305,9225.73004222918
"306",306,6837.97684446244
"307",307,15853.5989493335
"308",308,1913.67558474666
"309",309,413.353281575799
"310",310,1677.46987278456
"311",311,7248.17172172009
"312",312,1607.5664139743
"313",313,2683.31298727716
"314",314,304.774312053872
"315",315,12777.4316918429
"316",316,11410.0641051128
"317",317,5672.7505027486
"318",318,10654.8091140935
"319",319,15835.4978389195
"320",320,933.08910426408
"321",321,30.4153770397839
"322",322,15675.9340055764
"323",323,7803.70545274382
"324",324,1366.27639915151
"325",325,19601.1600073972
"326",326,6153.78900261291
"327",327,370.558791028737
"328",328,3786.19300814157
"329",329,11433.8319595538
"330",330,22043.9623773075
"331",331,13570.3314445584
"332",332,21064.5021081265
"333",333,55561.7240582172
"334",334,5449.77736985003
"335",335,2554.7701494525
"336",336,13865.1244935174
"337",337,2460.9710006
"338",338,28992.6436840149
"339",339,19618.7009267319
"340",340,7363.25764293737
"341",341,29623.1773918415
"342",342,2940.15533907727
"343",343,12203.8008992823
"344",344,6922.72584956367
"345",345,15662.5264050558
"346",346,5459.55704880947
"347",347,4990.24194098992
"348",348,7867.73057168972
"349",349,13681.8580909888
"350",350,15550.4294126301
"351",351,16938.6284507088
"352",352,25589.7089661979
"353",353,1494.14773519147
"354",354,12228.8468345723
"355",355,11105.0098382332
"356",356,13095.088005278
"357",357,12172.3675579962
"358",358,7519.64893983338
"359",359,7166.42294360672
"360",360,7051.7899659088
"361",361,4105.66839460265
"362",362,4432.85574520503
"363",363,2963.51314652515
"364",364,7022.01693590503
"365",365,9424.48268650176
"366",366,8884.62756540018
"367",367,6324.62371703897
"368",368,615.753341536554
"369",369,4206.99766710297
"370",370,6686.29107909435
"371",371,3690.05216731813
"372",372,1882.32522588803
"373",373,910.791187230991
"374",374,992.992217398993
"375",375,6568.27368801243
"376",376,3934.75255933706
"377",377,3991.81826062058
"378",378,6277.17515939156
"379",379,3800.79599394064
"380",380,4527.04930536535
"381",381,5076.74717572541
"382",382,5021.80147643951
"383",383,1281.58423019437
"384",384,3273.06770488842
"385",385,2709.19557155865
"386",386,396.064161454103
"387",387,1208.60423753196
"388",388,4286.38118440668
"389",389,5820.93871971846
"390",390,1619.42650181462
"391",391,240.259251679202
"392",392,5976.43154807125
"393",393,4310.16099976853
"394",394,7923.16168229141
"395",395,1643.56511588681
"396",396,1083.44362271095
"397",397,0
"398",398,1199.52435799886
"399",399,222.435979681718
"400",400,211.629413864843
"401",401,852.098790460811
"402",402,7754.9068133368
"403",403,7178.53491751091
"404",404,8765.71642318168
"405",405,9680.24999974338
"406",406,2776.35005319185
"407",407,9457.72364608218
"408",408,9385.29942757506
"409",409,6006.49602146609
"410",410,8794.19423022437
"411",411,6065.97857820348
"412",412,14285.1862627673
"413",413,21223.1337210334
"414",414,7650.60837329859
"415",415,4681.2987914485
"416",416,4976.98279682207
"417",417,5664.36724062472
"418",418,3762.34576013693
"419",419,7451.13468933504
"420",420,4511.08795117076
"421",421,7755.45005145561
"422",422,3316.97530944134
"423",423,6901.6188125208
"424",424,14721.190570379
"425",425,17178.3225489834
"426",426,13032.0559821447
"427",427,21342.1683908058
"428",428,13333.2625233697
"429",429,8723.49751075813
"430",430,5286.95966290445
"431",431,4398.54274794495
"432",432,2155.05233646537
"433",433,1796.20928967514
"434",434,13136.8854285733
"435",435,14057.8125037802
"436",436,9660.05455480954
"437",437,1929.33245056397
"438",438,498.204735213586
"439",439,4.53440100718284
"440",440,1134.24322458722
"441",441,8742.62844273052
"442",442,9343.78978958993
"443",443,20295.1789569698
"444",444,6846.1032732651
"445",445,3077.99990316373
"446",446,1538.10265585032
"447",447,6620.80845329803
"448",448,1949.50317260791
"449",449,3037.48320267391
"450",450,1276.50247873319
"451",451,3135.28173461829
"452",452,13714.6107215167
"453",453,13588.7317320032
"454",454,6142.16606684908
"455",455,3349.62447961839
"456",456,9172.50176794094
"457",457,0
"458",458,0
"459",459,1196.4228606017
"460",460,3288.79559305976
"461",461,2410.49899669322
"462",462,915.758202664859
"463",463,635.023879927704
"464",464,14371.5516909932
"465",465,6917.12551062852
"466",466,7986.77011622072
"467",467,12413.8948112843
"468",468,10868.5405144388
"469",469,4707.23514204382
"470",470,4375.91258772804
"471",471,7913.06470932177
"472",472,21624.9239949755
"473",473,8259.72973549394
"474",474,15426.9517320284
"475",475,9196.8085944114
"476",476,10166.9299664149
"477",477,5066.03443724607
"478",478,2073.31275715368
"479",479,3179.32643187109
"480",480,227.775334058792
"481",481,4001.14750253535
"482",482,2086.27407895506
"483",483,10482.6175586312
"484",484,19849.7453832942
"485",485,6869.69535028325
"486",486,6179.55704926223
"487",487,0
"488",488,0
"489",489,6058.81949160711
"490",490,1932.14031740038
"491",491,1063.55228816725
"492",492,3064.37776516349
"493",493,1419.32079444721
"494",494,14643.8156797747
"495",495,11102.5473300395
"496",496,598.144268297071
"497",497,1444.94943478651
"498",498,0
"499",499,2588.96324994434
"500",500,2906.40944621294
"501",501,11324.0165136859
"502",502,0
"503",503,0
"504",504,0
"505",505,0
"506",506,2685.37959617579
"507",507,0
"508",508,1397.20515614085
"509",509,9897.95433655045
"510",510,1708.9904695216
"511",511,12066.6102765456
"512",512,13617.3129800455
"513",513,9798.22932250139
"514",514,20464.7725307234
"515",515,14576.4752143507
"516",516,8335.28881540003
"517",517,3141.7764540806
"518",518,115.274462107065
"519",519,1919.2313056545
"520",520,2304.72912872662
"521",521,12724.182066585
"522",522,11683.0937972626
"523",523,18430.3077173706
"524",524,8711.28581056565
"525",525,11133.5889365751
"526",526,7251.13225922886
"527",527,512.114865755793
"528",528,0
"529",529,14.2572576438333
"530",530,1498.43472316005
"531",531,4.5952186849162
"532",532,4.16280614601903
"533",533,18783.5231360926
"534",534,0
"535",535,0
"536",536,0
"537",537,0
"538",538,534.283594065132
"539",539,0
"540",540,0
"541",541,0
"542",542,0
"543",543,0
"544",544,5745.31823093707
"545",545,4719.0108470428
"546",546,12859.4450998379
"547",547,16553.097529266
"548",548,10765.8079333872
"549",549,9122.41006533369
"550",550,4522.49791777757
"551",551,0
"552",552,0
"553",553,1520.57938356577
"554",554,1163.75150423146
"555",555,0
"556",556,0
"557",557,0
"558",558,0
"559",559,0
"560",560,0
"561",561,0
"562",562,0
"563",563,6982.63724527948
"564",564,8290.34829334354
"565",565,9717.79266719305
"566",566,20654.4377927411
"567",567,10562.2557119198
"568",568,1547.89481742692
"569",569,5036.06009986519
"570",570,0
"571",571,93.4578067588438
"572",572,0.0932559802216219
"573",573,1890.55174509343
"574",574,5260.25633143531
"575",575,4263.42414730382
"576",576,7341.00818311214
"577",577,0
"578",578,2799.06625257009
"579",579,0
"580",580,0
"581",581,5566.97524084502
"582",582,9527.90859371353
"583",583,12668.3444072878
"584",584,9185.41156040819
"585",585,12759.1346380923
"586",586,7951.55886936636
"587",587,660.386202868504
"588",588,2875.56555705163
"589",589,0
"590",590,0
"591",591,6709.20308727643
"592",592,11556.9310034597
"593",593,11323.5277535245
"594",594,10380.1285231452
"595",595,15761.535364933
"596",596,13456.1920255518
"597",597,5768.64799032041
"598",598,2957.33473455347
"599",599,12325.6485962682
"600",600,2507.56216453214
"601",601,8129.16630193094
"602",602,2916.95422049006
"603",603,304.172013394073
"604",604,656.162877009711
"605",605,357.551599859059
"606",606,2223.93640909194
"607",607,4279.24145684272
"608",608,673.463446221392
"609",609,901.559278879825
"610",610,4928.87609804465
"611",611,10284.3840098427
"612",612,4465.53427958806
"613",613,4828.68058016857
"614",614,6785.60857803834
"615",615,9084.56820561105
"616",616,2934.86946179319
"617",617,2460.45301521693
"618",618,281.308587597659
"619",619,2302.49712694378
"620",620,4003.88700325426
"621",621,814.568666861886
"622",622,907.001313850769
"623",623,356.315872567186
"624",624,199.276643367095
"625",625,991.395482587377
"626",626,2254.71156643578
"627",627,5777.67329538389
"628",628,12402.2194597617
"629",629,10330.1629444206
"630",630,29820.4454412299
"631",631,15970.4839959405
"632",632,8252.38904540438
"633",633,3833.15053669122
"634",634,4716.30938460648
"635",635,3860.88212990746
"636",636,442.818276051727
"637",637,4117.41669856802
"638",638,19866.8087602941
"639",639,4800.27461678303
"640",640,18111.0350339159
"641",641,10042.6653161297
"642",642,12071.2718525185
"643",643,3387.43675767012
"644",644,2794.6036819673
"645",645,2521.37391125885
"646",646,508.860099549113
"647",647,530.897277262252
"648",648,6923.45705213717
"649",649,20516.6621520803
"650",650,13475.8781603088
"651",651,1494.12892992388
"652",652,13839.5741953084
"653",653,12713.1656783896
"654",654,11370.2129523249
"655",655,1881.13531586903
"656",656,11290.0519454093
"657",657,5018.67179671388
"658",658,11575.7519854361
"659",659,4692.59021061166
"660",660,2568.11901246651
"661",661,1813.63330304678
"662",662,1375.66866620557
"663",663,5004.33146782356
"664",664,14172.1631212017
"665",665,3256.75220821532
"666",666,3364.84185160186
"667",667,9183.15788817417
"668",668,3382.98472108968
"669",669,6807.97120702416
"670",670,4121.26872497072
"671",671,2696.83247433784
"672",672,1703.80341034348
"673",673,1801.55151388291
"674",674,13006.129555907
"675",675,4947.14856155019
"676",676,10576.7692725916
"677",677,12270.2883896619
"678",678,5903.26738808579
"679",679,1448.97310056678
"680",680,11247.3457517967
"681",681,6926.47495595319
"682",682,2140.58791842856
"683",683,4474.95296940729
"684",684,3750.84668920469
"685",685,8106.7442031354
"686",686,3422.72865619034
"687",687,1271.82803179567
"688",688,8911.54309763252
"689",689,5807.14992175944
"690",690,6347.92197427483
"691",691,2190.57460807868
"692",692,9442.90799444148
"693",693,7846.37064309196
"694",694,1202.9507497555
"695",695,5433.78426455894
"696",696,3739.89162636476
"697",697,1850.76623334703
"698",698,10640.6929705202
"699",699,3585.08090587152
"700",700,5962.12392136511
"701",701,4952.58413368762
"702",702,187.836407814633
"703",703,14629.4855015436
"704",704,12234.4812006706
"705",705,3016.50163269379
"706",706,2582.3989060349
"707",707,675.286730489782
"708",708,266.312581078188
"709",709,2392.81651056473
"710",710,2764.97008531921
"711",711,10708.6028912728
"712",712,5531.26960572577
"713",713,0
"714",714,8174.35369155144
"715",715,0
"716",716,11030.4652516299
"717",717,3334.42343677323
"718",718,2370.88422556906
"719",719,4091.1065131425
"720",720,1159.62483749977
"721",721,41.4342109562279
"722",722,0
"723",723,4008.44617746427
"724",724,5163.82611355588
"725",725,0
"726",726,0
"727",727,0
"728",728,5607.978896752
"729",729,3490.33589254282
"730",730,19843.463937196
"731",731,4634.59065529942
"732",732,6381.69024374958
"733",733,2261.68675963963
"734",734,2765.88937865213
"735",735,169.145453957964
"736",736,48.6553394964842
"737",737,0
"738",738,3926.79924325274
"739",739,3062.61569676232
"740",740,283.826596770284
"741",741,106.206258854051
"742",742,4950.65206672635
"743",743,1354.80315821896
"744",744,5710.15772177753
"745",745,89.9566939941092
"746",746,928.326665661014
"747",747,606.147486534959
"748",748,1315.44111566701
"749",749,16389.9146987886
"750",750,0
"751",751,0
"752",752,0
"753",753,2745.25030266106
"754",754,3922.45064021353
"755",755,1921.45308282603
"756",756,1159.84950779666
"757",757,819.362602383042
"758",758,1503.04648612298
"759",759,1712.952338653
"760",760,420.660167848143
"761",761,0
"762",762,7666.72130873191
"763",763,2607.19565894336
"764",764,261.789640550828
"765",765,613.080732190869
"766",766,150.624127829197
"767",767,189.069294951428
"768",768,75.6386769439776
"769",769,299.777167144584
"770",770,121.840257640626
"771",771,231.586137392768
"772",772,565.604887651042
"773",773,8454.18395463302
"774",774,10717.820728465
"775",775,3678.12529444781
"776",776,0
"777",777,4098.63230630598
"778",778,12149.2483536032
"779",779,6734.1943641285
"780",780,2370.71819899024
"781",781,3732.34816709315
"782",782,591.203549432639
"783",783,582.697971410913
"784",784,386.313804868048
"785",785,547.964397521096
"786",786,405.959181495516
"787",787,403.441657785869
"788",788,502.911515874974
"789",789,500.755675984405
"790",790,592.492425732651
"791",791,8632.67482323545
"792",792,9025.03316676684
"793",793,2570.62729566187
"794",794,0
"795",795,0
"796",796,5402.10375351049
"797",797,9462.43012742747
"798",798,6174.10576550467
"799",799,8084.4479422971
"800",800,3736.53334987322
"801",801,3293.55568706125
"802",802,3688.60703939033
"803",803,6106.17536004083
"804",804,4226.63715442898
"805",805,6364.45450560723
"806",806,1345.04098188259
"807",807,1018.64463191253
"808",808,1437.69869504349
"809",809,1608.15242851822
"810",810,2142.60107623002
"811",811,1072.81222385959
"812",812,1288.43659840168
"813",813,1256.07681284238
"814",814,2095.30026883365
"815",815,766.483199609829
"816",816,1820.33819643007
"817",817,1296.41370822776
"818",818,1392.24462048126
"819",819,1144.37746205894
"820",820,835.85138481754
"821",821,1167.80261021481
"822",822,1079.55428911826
"823",823,1132.35121724375
"824",824,1408.1343726846
"825",825,3012.48150103926
"826",826,4682.78842965013
"827",827,4412.57281682248
"828",828,6870.59727650078
"829",829,6691.64095703185
"830",830,3509.50989374682
"831",831,8374.0709855799
"832",832,4909.33489064055
"833",833,2272.22718973796
"834",834,1537.75598878991
"835",835,1768.64531575119
"836",836,8141.28370953977
"837",837,4438.35501566269
"838",838,5212.53059071018
"839",839,3731.59359907188
"840",840,146.406113497703
"841",841,3110.77305084881
"842",842,17149.5324786921
"843",843,6649.40528631151
"844",844,2663.52968345617
"845",845,10583.1011060284
"846",846,961.676211623025
"847",847,811.669539997116
"848",848,9602.34497375562
"849",849,2402.15418856635
"850",850,4646.681477596
"851",851,1805.13524788688
"852",852,5340.30692257835
"853",853,1205.14087383639
"854",854,10520.3318110036
"855",855,12115.6646033659
"856",856,9975.4215184648
"857",857,4048.5395447088
"858",858,10970.1320775658
"859",859,12929.1189014955
"860",860,7412.64355056368
"861",861,1095.37903400448
"862",862,998.958797511482
"863",863,1500.32403076283
"864",864,256.512606303386
"865",865,1034.46172707221
"866",866,1824.25868307434
"867",867,2588.53891007412
"868",868,1064.45324286438
"869",869,3752.89477411377
"870",870,9080.58884239777
"871",871,5241.62656314688
"872",872,13494.9612142411
"873",873,18905.0863105377
"874",874,11355.7633458013
"875",875,11635.03444659
"876",876,50925.867282207
"877",877,46366.9738718496
"878",878,35669.6574786879
"879",879,13986.4523399945
"880",880,15657.1334543866
"881",881,2874.56302065639
"882",882,2567.81667007247
"883",883,1896.65488577361
"884",884,1383.26223462769
"885",885,11878.6227687887
"886",886,26839.3638756681
"887",887,9528.5436306247
"888",888,21342.2870984566
"889",889,9009.74491784977
"890",890,17232.7363360468
"891",891,11067.9585075554
"892",892,4532.49496119208
"893",893,5945.91447623921
"894",894,3986.25828026146
"895",895,1735.53208401251
"896",896,1749.97821921233
"897",897,1587.06205570828
"898",898,803.098962490222
"899",899,575.126668627235
"900",900,11597.016832123
"901",901,9324.89569802395
"902",902,911.759810989493
"903",903,701.466770770613
"904",904,386.772215906116
"905",905,437.131818980288
"906",906,8470.65618763956
"907",907,9363.4674885376
"908",908,16445.4640145196
"909",909,17745.9440169357
"910",910,7470.22270619287
"911",911,14588.9166276424
"912",912,10746.6568452593
"913",913,5950.91032871673
"914",914,7169.92833899118
"915",915,12607.2805483786
"916",916,1556.01809873607
"917",917,593.855532027357
"918",918,833.262769682549
"919",919,363.86064434007
"920",920,419.148690530803
"921",921,8771.67960320378
"922",922,10383.8996118653
"923",923,12974.5567317754
"924",924,17888.3808652774
"925",925,8978.75998252966
"926",926,15955.9943163333
"927",927,6236.11732224069
"928",928,17448.7182407858
"929",929,7627.28569944009
"930",930,7820.90199729824
"931",931,9105.83610333484
"932",932,4543.37465316699
"933",933,898.50407463174
"934",934,979.563052872019
"935",935,987.840995146305
"936",936,636.633594929935
"937",937,680.679563092709
"938",938,10339.0418069596
"939",939,13686.8725368671
"940",940,12794.58319552
"941",941,15576.5732178473
"942",942,10373.3751333964
"943",943,379.215195983305
"944",944,597.287784711794
"945",945,505.876645668582
"946",946,900.504604961696
"947",947,6245.66216784196
"948",948,12247.1067763082
"949",949,18081.6124406211
"950",950,727.413106733905
"951",951,549.89246911073
"952",952,414.639849528468
"953",953,635.297460122076
"954",954,1753.53973311645
"955",955,12630.3929525312
"956",956,23408.9309230197
"957",957,31153.9109862262
"958",958,1250.31711525855
"959",959,829.323199059798
"960",960,603.0374601978
"961",961,1350.08734419781
"962",962,22365.5568543135
"963",963,13206.7866420244
"964",964,20025.4723655186
"965",965,35571.9003587035
"966",966,9815.48977460929
"967",967,15044.6492182588
"968",968,7215.64444914016
"969",969,5727.44507780355
"970",970,7746.74648231567
"971",971,9723.30954695756
"972",972,6925.76788242086
"973",973,984.564964729611
"974",974,762.758575441946
"975",975,804.253012377273
"976",976,1306.0820125706
"977",977,19084.3926965886
"978",978,16187.9297731141
"979",979,44020.0941782137
"980",980,20175.8169378119
"981",981,7438.39504266014
"982",982,13710.5767368848
"983",983,13265.2199362368
"984",984,7529.05156578542
"985",985,4385.37304431101
"986",986,9879.52207106021
"987",987,5753.94477445629
"988",988,7542.0902543305
"989",989,3160.2908505337
"990",990,0
"991",991,1663.44037999545
"992",992,387.445242268931
"993",993,2094.1228274751
"994",994,2683.35281204404
"995",995,16565.2772310829
"996",996,16762.1972193203
"997",997,31113.9159882469
"998",998,14822.6731447743
"999",999,8035.30724772405
"1000",1000,15121.1214198535
"1001",1001,11093.1242146061
"1002",1002,5791.49689136411
"1003",1003,6790.85786009222
"1004",1004,2383.7007614098
"1005",1005,2233.40450302036
"1006",1006,3215.92684417238
"1007",1007,2375.36277398239
"1008",1008,1371.89275486259
"1009",1009,2360.319725931
"1010",1010,5391.56807024719
"1011",1011,20273.4273734906
"1012",1012,22977.4577654847
"1013",1013,30501.3163523257
"1014",1014,11124.3602604567
"1015",1015,17353.1284715252
"1016",1016,32202.7748756357
"1017",1017,10315.8179625078
"1018",1018,7934.49572947772
"1019",1019,5985.77793504503
"1020",1020,6886.57248077205
"1021",1021,7608.48089747996
"1022",1022,9031.30407958181
"1023",1023,4009.69570492458
"1024",1024,1669.09273185564
"1025",1025,1905.66927245911
"1026",1026,438.672855543873
"1027",1027,2674.87853871398
"1028",1028,11382.2880055195
"1029",1029,15594.4797039713
"1030",1030,6869.16168965538
"1031",1031,32685.9712170062
"1032",1032,39678.8136582278
"1033",1033,10489.7850182683
"1034",1034,3722.25003188909
"1035",1035,1900.34779387727
"1036",1036,1434.45592726094
"1037",1037,1028.9496499843
"1038",1038,1695.00067859071
"1039",1039,3227.15505069236
"1040",1040,18480.7635545659
"1041",1041,26216.7602015549
"1042",1042,38040.9581556817
"1043",1043,26766.4644566715
"1044",1044,7567.76627765681
"1045",1045,17249.8300833683
"1046",1046,11980.9187347752
"1047",1047,6370.63333581199
"1048",1048,9015.36309400019
"1049",1049,0
"1050",1050,2111.5905208266
"1051",1051,1680.77754542647
"1052",1052,936.282532432072
"1053",1053,516.686376594593
"1054",1054,1527.28027064834
"1055",1055,25312.0809721781
"1056",1056,21956.968675099
"1057",1057,23795.2639559073
"1058",1058,24286.7052485383
"1059",1059,4307.24974082407
"1060",1060,11076.0602240436
"1061",1061,9371.13016231436
"1062",1062,12804.5715817964
"1063",1063,10029.7833299455
"1064",1064,233.960619127545
"1065",1065,0
"1066",1066,1150.10196723586
"1067",1067,1694.48003147202
"1068",1068,340.43876876262
"1069",1069,15294.588547827
"1070",1070,12551.1492817247
"1071",1071,17691.868407803
"1072",1072,17183.212269869
"1073",1073,17228.3848327935
"1074",1074,12455.3109172043
"1075",1075,7488.21208264902
"1076",1076,9885.35267955729
"1077",1077,1236.27935803976
"1078",1078,1217.68564065174
"1079",1079,14922.300805074
"1080",1080,143.154227285041
"1081",1081,43095.9042352575
"1082",1082,17408.2147158673
"1083",1083,35313.5190028229
"1084",1084,7966.79560862601
"1085",1085,15816.5144333544
"1086",1086,20007.3377324937
"1087",1087,11825.2569662715
"1088",1088,12531.6628559169
"1089",1089,4162.93014942467
"1090",1090,13912.0839790043
"1091",1091,0
"1092",1092,20694.5334799482
"1093",1093,0
"1094",1094,7730.27845416183
"1095",1095,10604.0708123764
"1096",1096,0
"1097",1097,241.585490846416
"1098",1098,12262.3859639075
"1099",1099,1248.10676911267
"1100",1100,11998.3269153015
"1101",1101,4975.89030808594
"1102",1102,12260.5358690449
"1103",1103,18308.7106097217
"1104",1104,298.426282948149
"1105",1105,0
"1106",1106,10629.6151723169
"1107",1107,6375.11285451022
"1108",1108,11490.5428137825
"1109",1109,267.09856110305
"1110",1110,7685.03328198784
"1111",1111,39997.369332866
"1112",1112,17735.954212244
"1113",1113,7243.69862156052
"1114",1114,3861.07520852061
"1115",1115,6328.95314871594
"1116",1116,9949.29094459777
"1117",1117,15626.289097983
"1118",1118,10031.5009518636
"1119",1119,8766.86922161816
"1120",1120,2927.13450234135
"1121",1121,21658.5105316741
"1122",1122,5168.88639725538
"1123",1123,1312.77143278839
"1124",1124,5366.84110937
"1125",1125,5769.42147614327
"1126",1126,6419.14035764404
"1127",1127,216.876298168484
"1128",1128,0
"1129",1129,3748.18024151692
"1130",1130,6038.09909890381
"1131",1131,1218.85589866308
"1132",1132,772.98191481273
"1133",1133,543.575320844115
"1134",1134,11865.3948603865
"1135",1135,26718.0732620194
"1136",1136,16405.9078231432
"1137",1137,5282.5827424609
"1138",1138,3924.97815865448
"1139",1139,4767.22724053915
"1140",1140,4007.17352008728
"1141",1141,1746.74081558604
"1142",1142,5938.74856633673
"1143",1143,5297.05161850465
"1144",1144,5014.30055403769
"1145",1145,5715.17521703132
"1146",1146,47424.6972798731
"1147",1147,13650.4917960635
"1148",1148,21491.166239169
"1149",1149,6333.16944905981
"1150",1150,1479.11934567326
"1151",1151,1688.1409855665
"1152",1152,5843.31183665366
"1153",1153,2789.10598376524
"1154",1154,2961.51745365417
"1155",1155,14434.9456577872
"1156",1156,6956.7599907946
"1157",1157,107.262010059765
"1158",1158,1014.29041956227
"1159",1159,2755.46249337483
"1160",1160,6268.052287688
"1161",1161,1032.24160439119
"1162",1162,0
"1163",1163,8048.34140128353
"1164",1164,4205.50031304875
"1165",1165,16842.9069377968
"1166",1166,12511.179906069
"1167",1167,4282.49218712906
"1168",1168,1706.28086665069
"1169",1169,1250.43336268722
"1170",1170,2851.30172648252
"1171",1171,1944.0196545215
"1172",1172,3463.01486533472
"1173",1173,0
"1174",1174,3010.1352551718
"1175",1175,1431.58004471759
"1176",1176,2126.50304861934
"1177",1177,702.842574669441
"1178",1178,1991.87090739874
"1179",1179,0
"1180",1180,2431.35376914285
"1181",1181,990.042550589862
"1182",1182,894.395660619254
"1183",1183,1720.95889814798
"1184",1184,2515.80463959637
"1185",1185,5856.3226478559
"1186",1186,3375.35175330346
"1187",1187,1730.11517725674
"1188",1188,896.52769466209
"1189",1189,4915.90770452831
"1190",1190,5330.62688881221
"1191",1191,5228.91967404514
"1192",1192,660.98126524793
"1193",1193,0
"1194",1194,0
"1195",1195,235.415586646007
"1196",1196,0
"1197",1197,1585.92947238533
"1198",1198,1273.09610538437
"1199",1199,1594.45944967313
"1200",1200,3337.09792038446
"1201",1201,2596.42759693107
"1202",1202,1417.46329285281
"1203",1203,579.599919288548
"1204",1204,1443.37167641935
"1205",1205,774.506188904953
"1206",1206,771.181244116362
"1207",1207,626.777732418386
"1208",1208,1375.56531136168
"1209",1209,564.249817177512
"1210",1210,1577.98905783528
"1211",1211,1157.04791591283
"1212",1212,9784.76002638199
"1213",1213,0
"1214",1214,0
"1215",1215,0
"1216",1216,112.253463951457
"1217",1217,0
"1218",1218,407.025729688903
"1219",1219,320.047857884232
"1220",1220,300.020494399198
"1221",1221,381.288125389696
"1222",1222,531.110057310707
"1223",1223,1928.24218949818
"1224",1224,89.9175720936684
"1225",1225,0
"1226",1226,0
"1227",1227,0
"1228",1228,0
"1229",1229,0
"1230",1230,0
"1231",1231,293.511188120236
"1232",1232,60.4115931358196
"1233",1233,220.372090712793
"1234",1234,574.350411035605
"1235",1235,522.06855559794
"1236",1236,648.104970506515
"1237",1237,393.600575307672
"1238",1238,1059.74756023684
"1239",1239,42.44408664748
"1240",1240,0
"1241",1241,0
"1242",1242,0
"1243",1243,0
"1244",1244,0
"1245",1245,0
"1246",1246,0
"1247",1247,0
"1248",1248,440.079955702771
"1249",1249,590.045195519951
"1250",1250,6400.62576223436
"1251",1251,2622.63578955941
"1252",1252,3322.90049351499
"1253",1253,322.017869250715
"1254",1254,97.8940824905226
"1255",1255,21.112766963306
"1256",1256,0
"1257",1257,0
"1258",1258,0
"1259",1259,0
"1260",1260,0
"1261",1261,0
"1262",1262,0
"1263",1263,0
"1264",1264,0
"1265",1265,1023.89740103767
"1266",1266,0
"1267",1267,0
"1268",1268,0
"1269",1269,0
"1270",1270,8494.6036505326
"1271",1271,5768.49688075299
"1272",1272,2086.7534689735
"1273",1273,168.258706533058
"1274",1274,64.1133226092286
"1275",1275,42.0688920665985
"1276",1276,0
"1277",1277,0
"1278",1278,0
"1279",1279,0
"1280",1280,0
"1281",1281,0
"1282",1282,9156.10111581949
"1283",1283,6437.27721262313
"1284",1284,442.60217883422
"1285",1285,619.486781194257
"1286",1286,48.5809652429654
"1287",1287,18.5076912041648
"1288",1288,15.6943936424786
"1289",1289,0
"1290",1290,0
"1291",1291,0
"1292",1292,0
"1293",1293,315.156920297342
"1294",1294,3892.58340705478
"1295",1295,6492.94562557894
"1296",1296,325.384843427373
"1297",1297,85.0635985932745
"1298",1298,1921.00277291324
"1299",1299,2291.66479863024
"1300",1300,846.111483834438
"1301",1301,30.8047132131279
"1302",1302,0
"1303",1303,0
"1304",1304,0
"1305",1305,0
"1306",1306,11298.8979385868
"1307",1307,11043.2225443837
"1308",1308,835.236659864952
"1309",1309,1988.53387235401
"1310",1310,4277.13044353196
"1311",1311,1277.63675287279
"1312",1312,932.417921975411
"1313",1313,8.25811633470501
"1314",1314,0
"1315",1315,0
"1316",1316,0
"1317",1317,0
"1318",1318,2016.43898421131
"1319",1319,2166.73075113469
"1320",1320,1485.9849858211
"1321",1321,2559.71003409539
"1322",1322,5927.13813746156
"1323",1323,1410.15211916226
"1324",1324,84.9259650837709
"1325",1325,10.5958973604277
"1326",1326,295.449168470537
"1327",1327,1365.07687662089
"1328",1328,0
"1329",1329,0
"1330",1330,6512.91849603087
"1331",1331,4189.31886888648
"1332",1332,1026.49438401235
"1333",1333,1939.30654933448
"1334",1334,695.582421928764
"1335",1335,1443.00438857889
"1336",1336,576.057074060124
"1337",1337,0
"1338",1338,0
"1339",1339,0
"1340",1340,3291.14124239011
"1341",1341,0
"1342",1342,995.147873197443
"1343",1343,2147.36717097213
"1344",1344,1681.91564461055
"1345",1345,2785.51841000329
"1346",1346,3634.22126008184
"1347",1347,3132.13179432978
"1348",1348,809.416770765466
"1349",1349,163.334317850715
"1350",1350,0
"1351",1351,5128.39513252054
"1352",1352,718.930249786774
"1353",1353,509.869952179387
"1354",1354,590.362407249387
"1355",1355,1235.6696222161
"1356",1356,856.246975432853
"1357",1357,582.036238461844
"1358",1358,2379.36474125219
"1359",1359,174.969595491744
"1360",1360,0
"1361",1361,0
"1362",1362,1465.30834465935
"1363",1363,190.569145649118
"1364",1364,505.926775794029
"1365",1365,412.181642828456
"1366",1366,530.117717837202
"1367",1367,633.729687721696
"1368",1368,1045.9754068654
"1369",1369,1272.86567269156
"1370",1370,1839.10723043021
"1371",1371,84.5486480878965
"1372",1372,112.959517006035
"1373",1373,800.086996928658
"1374",1374,606.348819280663
"1375",1375,437.371807384343
"1376",1376,197.831492469275
"1377",1377,5.25750185510539
"1378",1378,1.83381971838908
"1379",1379,32.2992016981223
"1380",1380,226.267536580134
"1381",1381,294.023308714414
"1382",1382,1291.30882504741
"1383",1383,2323.01470719168
"1384",1384,3200.20880426143
"1385",1385,2179.361991037
"1386",1386,5.99898874177812
"1387",1387,23.3981560328288
"1388",1388,207.496469218122
"1389",1389,819.517807161076
"1390",1390,37.1064100286199
"1391",1391,38.9615216363361
"1392",1392,36.1722462837819
